,Industry,Job Title,Rating,Revenue,Type of ownership,hourly,Mean Salary,Company_Age,Size,SamePlace,PhD
0,Biotech & Pharmaceuticals,Scientist I,5.0,0.0, Private,0.0,101.0,1.0,51,1.0,1.0
1,Biotech & Pharmaceuticals,Scientist I,3.9,1.0, Private,0.0,101.0,12.0,51,1.0,0.0
3,Biotech & Pharmaceuticals,Scientist I,3.9,500.0, Private,0.0,101.0,0.0,201,0.0,0.0
4,Biotech & Pharmaceuticals,QC Technician,3.9,10000.0, Public,0.0,101.0,32.0,5001,1.0,0.0
5,Colleges & Universities,Research Specialist,4.3,5000.0,Nonprofit,0.0,101.0,67.0,1001,0.0,0.0
6,Biotech & Pharmaceuticals,Scientist I,2.5,50.0, Public,0.0,101.0,0.0,201,1.0,0.0
7,Biotech & Pharmaceuticals,Research Associate,4.1,500.0, Private,0.0,101.0,49.0,201,1.0,0.0
8,Biotech & Pharmaceuticals,Research Associate,5.0,1.0, Public,0.0,101.0,9.0,51,1.0,0.0
9,Biotech & Pharmaceuticals,Scientist I,3.7,0.0, Private,0.0,101.0,4.0,51,1.0,0.0
10,Biotech & Pharmaceuticals,Scientist I,5.0,0.0, Private,0.0,101.0,1.0,51,1.0,0.0
11,Biotech & Pharmaceuticals,Research Technician,3.5,50.0, Private,0.0,101.0,9.0,501,0.0,0.0
13,Biotech & Pharmaceuticals,Research Associate,4.7,1.0, Public,0.0,101.0,12.0,501,1.0,0.0
14,Biotech & Pharmaceuticals,Scientist I,2.0,0.0, Private,0.0,101.0,0.0,51,1.0,0.0
15,Health Care Products Manufacturing,Scientist I,2.7,0.0, Private,0.0,101.0,25.0,201,0.0,0.0
16,Biotech & Pharmaceuticals,Engineer,4.1,500.0, Public,0.0,101.0,10.0,1001,0.0,1.0
18,Biotech & Pharmaceuticals,QC Technician,4.9,0.0, Private,0.0,101.0,46.0,201,1.0,0.0
19,Biotech & Pharmaceuticals,Scientist I,3.6,5.0, Public,0.0,101.0,9.0,501,1.0,0.0
20,Biotech & Pharmaceuticals,Scientist I,3.9,10000.0, Public,0.0,101.0,32.0,5001,1.0,0.0
21,Biotech & Pharmaceuticals,Research Associate,5.0,0.0, Private,0.0,101.0,1.0,51,1.0,0.0
23,Biotech & Pharmaceuticals,Scientist I,2.6,25.0, Public,0.0,101.0,10.0,501,1.0,0.0
24,Biotech & Pharmaceuticals,Scientist I,4.0,10000.0, Public,0.0,101.0,107.0,10000,0.0,0.0
25,Biotech & Pharmaceuticals,Scientist I,3.2,2000.0, Public,0.0,101.0,60.0,5001,0.0,0.0
26,Biotech & Pharmaceuticals,Scientist I,4.0,0.0, Private,0.0,101.0,0.0,51,1.0,0.0
27,Biotech & Pharmaceuticals,Scientist I,3.6,5.0, Public,0.0,79.0,9.0,501,1.0,0.0
28,Colleges & Universities,Research Assistant,4.4,0.0,Academic,0.0,79.0,119.0,1001,1.0,0.0
31,Health Care Products Manufacturing,Research Technician,4.0,5000.0, Public,0.0,79.0,59.0,10000,0.0,0.0
32,Biotech & Pharmaceuticals,Scientist I,3.6,10.0, Public,0.0,79.0,12.0,51,1.0,1.0
33,Biotech & Pharmaceuticals,Scientist I,4.0,0.0, Private,0.0,79.0,0.0,51,1.0,0.0
34,Computer Hardware & Software,Scientist I,3.8,0.0, Private,0.0,79.0,12.0,51,0.0,1.0
35,Biotech & Pharmaceuticals,Scientist I,4.0,0.0, Private,0.0,79.0,0.0,51,1.0,0.0
36,Biotech & Pharmaceuticals,Scientist I,4.0,0.0, Public,0.0,79.0,4.0,51,1.0,0.0
37,Biotech & Pharmaceuticals,QC Technician,3.2,5.0, Public,0.0,79.0,13.0,10000,0.0,0.0
38,Computer Hardware & Software,Scientist I,3.9,25.0, Public,0.0,79.0,12.0,51,1.0,0.0
39,Computer Hardware & Software,Scientist I,3.0,0.0, Private,0.0,79.0,4.0,51,1.0,1.0
40,Biotech & Pharmaceuticals,Research Associate,4.0,10000.0, Public,0.0,79.0,107.0,10000,0.0,0.0
41,Colleges & Universities,Research Technician,4.3,5000.0,Nonprofit,0.0,79.0,67.0,1001,0.0,0.0
42,Biotech & Pharmaceuticals,Scientist I,4.4,0.0, Private,0.0,79.0,14.0,501,1.0,0.0
43,Biotech & Pharmaceuticals,Research Associate,3.7,0.0, Private,0.0,79.0,4.0,51,1.0,0.0
44,Health Care Services & Hospitals,Research Technician,3.6,10.0,Nonprofit,0.0,79.0,73.0,1001,1.0,0.0
45,Biotech & Pharmaceuticals,Scientist I,4.9,0.0, Private,0.0,79.0,46.0,201,1.0,0.0
46,Biotech & Pharmaceuticals,Scientist I,4.9,0.0, Private,0.0,79.0,46.0,201,1.0,0.0
47,Biotech & Pharmaceuticals,Research Technician,-1.0,0.0, Private,0.0,79.0,4.0,1,1.0,0.0
48,Biotech & Pharmaceuticals,QC Technician,4.9,0.0, Private,0.0,79.0,46.0,201,1.0,0.0
49,Colleges & Universities,Research Specialist,4.4,0.0,Academic,0.0,79.0,119.0,1001,1.0,0.0
50,Biotech & Pharmaceuticals,Scientist I,3.6,5.0, Public,0.0,79.0,9.0,501,1.0,0.0
51,Biotech & Pharmaceuticals,Scientist I,3.6,5.0, Public,0.0,79.0,9.0,501,1.0,1.0
52,Health Care Services & Hospitals,Scientist I,-1.0,0.0,Contract,0.0,79.0,0.0,1,0.0,1.0
53,Biotech & Pharmaceuticals,Scientist I,3.3,0.0, Private,0.0,45.5,25.0,51,0.0,0.0
54,Health Care Services & Hospitals,Scientist I,3.3,500.0,Nonprofit,0.0,45.5,107.0,5001,1.0,0.0
55,Biotech & Pharmaceuticals,Scientist I,3.6,5.0, Public,0.0,45.5,9.0,501,1.0,1.0
56,Biotech & Pharmaceuticals,Scientist I,3.6,5.0, Public,0.0,45.5,9.0,501,1.0,0.0
57,Health Care Services & Hospitals,Scientist I,-1.0,0.0,Contract,0.0,45.5,0.0,1,0.0,1.0
58,Biotech & Pharmaceuticals,Research Associate,3.8,500.0, Public,0.0,45.5,7.0,201,1.0,0.0
59,Biotech & Pharmaceuticals,Research Associate,4.0,5000.0, Public,0.0,45.5,21.0,10000,1.0,0.0
60,Biotech & Pharmaceuticals,Research Director,4.0,0.0, Private,0.0,45.5,0.0,51,1.0,0.0
61,Biotech & Pharmaceuticals,Research Director,4.0,0.0, Private,0.0,45.5,0.0,51,1.0,0.0
62,Biotech & Pharmaceuticals,Research Associate,4.0,25.0, Private,0.0,45.5,12.0,51,1.0,0.0
63,Biotech & Pharmaceuticals,Research Associate,4.7,0.0, Public,0.0,45.5,14.0,201,1.0,0.0
64,Health Care Services & Hospitals,Postdoc,3.6,10.0,Nonprofit,0.0,45.5,73.0,1001,1.0,1.0
65,Health Care Services & Hospitals,Research Technician,3.6,10.0,Nonprofit,0.0,45.5,73.0,1001,0.0,0.0
66,Biotech & Pharmaceuticals,Scientist I,3.6,5.0, Public,0.0,45.5,9.0,501,1.0,0.0
67,Biotech & Pharmaceuticals,Scientist I,4.9,0.0, Private,0.0,45.5,46.0,201,1.0,0.0
68,Biotech & Pharmaceuticals,Scientist I,4.9,0.0, Private,0.0,45.5,46.0,201,1.0,0.0
69,Biotech & Pharmaceuticals,Scientist I,4.0,0.0, Private,0.0,45.5,0.0,51,1.0,0.0
70,Biotech & Pharmaceuticals,Manager,4.9,0.0, Private,0.0,45.5,46.0,201,0.0,0.0
71,Colleges & Universities,Manager,4.3,5000.0,Nonprofit,0.0,45.5,67.0,1001,0.0,0.0
72,Biotech & Pharmaceuticals,Research Technician,4.9,0.0, Private,0.0,45.5,46.0,201,1.0,0.0
73,Biotech & Pharmaceuticals,Research Associate,3.5,0.0, Public,0.0,45.5,16.0,51,0.0,0.0
74,Biotech & Pharmaceuticals,Scientist I,3.3,100.0, Public,0.0,45.5,26.0,201,1.0,0.0
75,Biotech & Pharmaceuticals,Scientist I,3.4,2000.0, Public,0.0,45.5,150.0,5001,0.0,1.0
76,Biotech & Pharmaceuticals,Research Associate,2.0,0.0, Private,0.0,45.5,0.0,51,1.0,0.0
77,Biotech & Pharmaceuticals,Scientist I,3.9,10000.0, Public,0.0,45.5,162.0,10000,0.0,0.0
78,Biotech & Pharmaceuticals,Engineer,2.5,50.0, Public,0.0,45.5,22.0,201,1.0,0.0
80,Biotech & Pharmaceuticals,Research Associate,3.4,25.0, Private,0.0,45.5,19.0,51,1.0,0.0
81,Biotech & Pharmaceuticals,Research Associate,3.4,0.0, Private,0.0,63.0,37.0,5001,0.0,0.0
82,Biotech & Pharmaceuticals,Research Associate,4.0,0.0, Public,0.0,63.0,8.0,501,1.0,0.0
83,Biotech & Pharmaceuticals,Scientist I,3.9,5.0, Public,0.0,63.0,9.0,51,1.0,0.0
84,Colleges & Universities,Research Associate,3.8,0.0,Academic,0.0,63.0,0.0,501,1.0,0.0
85,Biotech & Pharmaceuticals,Research Associate,3.0,0.0, Private,0.0,63.0,5.0,1001,0.0,0.0
86,Biotech & Pharmaceuticals,Scientist I,4.8,0.0, Public,0.0,63.0,13.0,201,1.0,0.0
88,Biotech & Pharmaceuticals,Research Specialist,4.9,0.0, Private,0.0,63.0,46.0,201,1.0,0.0
89,Biotech & Pharmaceuticals,Research Associate,3.6,5.0, Public,0.0,63.0,9.0,501,1.0,0.0
90,Biotech & Pharmaceuticals,Scientist I,4.4,0.0, Private,0.0,63.0,14.0,501,1.0,1.0
91,Biotech & Pharmaceuticals,Scientist I,2.5,50.0, Public,0.0,63.0,0.0,201,1.0,0.0
92,Biotech & Pharmaceuticals,Scientist I,5.0,0.0, Private,0.0,63.0,1.0,51,1.0,0.0
93,Biotech & Pharmaceuticals,Research Associate,4.0,10000.0, Public,0.0,63.0,107.0,10000,0.0,0.0
94,Biotech & Pharmaceuticals,Scientist I,4.4,0.0, Private,0.0,63.0,14.0,501,1.0,1.0
96,Biotech & Pharmaceuticals,Manager,4.0,0.0, Public,0.0,63.0,8.0,501,0.0,0.0
97,Colleges & Universities,Postdoc,4.1,100.0,Nonprofit,0.0,63.0,64.0,201,1.0,1.0
98,Biotech & Pharmaceuticals,Scientist I,3.1,5.0, Private,0.0,63.0,8.0,201,1.0,0.0
99,Biotech & Pharmaceuticals,Scientist I,3.6,5.0, Public,0.0,63.0,9.0,501,1.0,0.0
100,Colleges & Universities,Scientist I,4.3,5000.0,Nonprofit,0.0,63.0,67.0,1001,0.0,0.0
101,Biotech & Pharmaceuticals,Scientist I,4.9,0.0, Private,0.0,63.0,46.0,201,1.0,0.0
104,Biotech & Pharmaceuticals,Scientist I,3.6,5.0, Public,0.0,63.0,9.0,501,1.0,1.0
105,Colleges & Universities,Research Associate,3.1,50.0,Nonprofit,0.0,63.0,27.0,201,1.0,0.0
107,Biotech & Pharmaceuticals,Scientist I,3.5,0.0, Private,0.0,63.0,4.0,201,1.0,0.0
108,Biotech & Pharmaceuticals,VP Research,5.0,0.0, Private,0.0,63.0,1.0,51,1.0,0.0
109,Colleges & Universities,Research Technician,4.3,5000.0,Nonprofit,0.0,63.0,67.0,1001,1.0,0.0
110,Biotech & Pharmaceuticals,Scientist I,3.5,1.0, Public,0.0,63.0,18.0,51,1.0,0.0
111,Biotech & Pharmaceuticals,Research Associate,3.6,5.0, Public,0.0,63.0,9.0,501,1.0,0.0
112,Biotech & Pharmaceuticals,Research Technician,3.4,10000.0, Public,0.0,94.0,74.0,5001,0.0,0.0
113,Biotech & Pharmaceuticals,Research Director,4.0,10000.0, Private,0.0,94.0,44.0,10000,1.0,0.0
114,Biotech & Pharmaceuticals,Scientist I,2.9,0.0, Public,0.0,94.0,26.0,501,1.0,0.0
115,Biotech & Pharmaceuticals,Research Associate,2.0,0.0, Private,0.0,94.0,0.0,51,1.0,0.0
116,Biotech & Pharmaceuticals,Scientist I,4.0,10000.0, Public,0.0,94.0,107.0,10000,0.0,1.0
118,Biotech & Pharmaceuticals,Scientist I,4.0,10000.0, Private,0.0,94.0,44.0,10000,1.0,0.0
119,Colleges & Universities,Postdoc,4.3,5000.0,Nonprofit,0.0,94.0,67.0,1001,0.0,1.0
120,Colleges & Universities,Postdoc,3.7,0.0,Nonprofit,0.0,94.0,0.0,1001,1.0,0.0
121,Biotech & Pharmaceuticals,Engineer,5.0,0.0, Private,0.0,94.0,1.0,51,1.0,1.0
122,Biotech & Pharmaceuticals,Research Associate,4.0,10000.0, Private,0.0,94.0,44.0,10000,1.0,0.0
123,Colleges & Universities,Research Technician,4.3,5000.0,Nonprofit,0.0,94.0,67.0,1001,0.0,0.0
124,Biotech & Pharmaceuticals,Scientist I,3.8,500.0, Public,0.0,94.0,7.0,201,1.0,1.0
126,Biotech & Pharmaceuticals,Engineer,3.0,2000.0, Public,0.0,94.0,22.0,1001,1.0,0.0
128,Biotech & Pharmaceuticals,Scientist I,2.6,25.0, Public,0.0,94.0,10.0,501,1.0,0.0
129,Colleges & Universities,Manager,4.4,0.0,Academic,0.0,94.0,119.0,1001,1.0,0.0
130,Biotech & Pharmaceuticals,Research Associate,4.2,25.0, Private,0.0,94.0,19.0,51,0.0,0.0
131,Biotech & Pharmaceuticals,Scientist I,3.6,5.0, Public,0.0,94.0,9.0,501,1.0,1.0
132,Biotech & Pharmaceuticals,Scientist I,3.4,0.0, Private,0.0,94.0,21.0,501,1.0,1.0
133,Biotech & Pharmaceuticals,Scientist I,4.3,0.0, Private,0.0,94.0,0.0,1001,0.0,0.0
134,Biotech & Pharmaceuticals,Scientist I,3.6,5.0, Public,0.0,94.0,9.0,501,1.0,0.0
135,Biotech & Pharmaceuticals,Scientist I,3.9,5.0, Public,0.0,94.0,9.0,51,1.0,1.0
136,Biotech & Pharmaceuticals,Scientist I,3.0,500.0, Public,0.0,94.0,22.0,501,1.0,1.0
137,Biotech & Pharmaceuticals,Scientist I,3.6,5.0, Public,0.0,94.0,9.0,501,1.0,0.0
138,Colleges & Universities,Research Specialist,4.3,5000.0,Nonprofit,0.0,94.0,67.0,1001,0.0,1.0
139,Biotech & Pharmaceuticals,Scientist I,4.3,25.0, Private,0.0,94.0,9.0,51,1.0,1.0
140,Biotech & Pharmaceuticals,Scientist I,3.0,0.0, Private,0.0,94.0,36.0,201,0.0,0.0
141,Biotech & Pharmaceuticals,Scientist I,3.4,10000.0, Public,0.0,110.0,74.0,5001,0.0,0.0
142,Biotech & Pharmaceuticals,Scientist I,3.4,10000.0, Public,0.0,110.0,74.0,5001,0.0,1.0
143,Biotech & Pharmaceuticals,Scientist I,3.0,500.0, Public,0.0,110.0,22.0,501,1.0,0.0
144,Biotech & Pharmaceuticals,Scientist I,3.6,10.0, Public,0.0,110.0,12.0,51,1.0,0.0
145,Biotech & Pharmaceuticals,Scientist I,3.6,5.0, Public,0.0,110.0,9.0,501,1.0,1.0
146,Biotech & Pharmaceuticals,Scientist I,2.4,500.0, Public,0.0,110.0,28.0,51,1.0,0.0
148,Federal Agencies,Scientist I,3.6,100.0,Nonprofit,0.0,110.0,53.0,501,0.0,0.0
151,Health Care Services & Hospitals,Scientist I,3.3,500.0,Nonprofit,0.0,110.0,107.0,5001,1.0,0.0
152,Health Care Products Manufacturing,Scientist I,3.6,10000.0, Public,0.0,110.0,123.0,10000,0.0,0.0
153,Biotech & Pharmaceuticals,Scientist I,3.6,10.0, Public,0.0,110.0,12.0,51,1.0,0.0
154,Biotech & Pharmaceuticals,Scientist I,3.6,5.0, Public,0.0,110.0,9.0,501,1.0,0.0
155,Health Care Products Manufacturing,Scientist I,3.3,1000.0, Private,0.0,110.0,17.0,1001,0.0,0.0
156,Health Care Services & Hospitals,Scientist I,4.6,2000.0,Nonprofit,0.0,110.0,58.0,1001,1.0,0.0
157,Federal Agencies,Scientist I,3.6,100.0,Nonprofit,0.0,110.0,53.0,501,0.0,0.0
158,Biotech & Pharmaceuticals,Research Specialist,3.2,5.0, Public,0.0,110.0,13.0,10000,0.0,0.0
159,Biotech & Pharmaceuticals,Research Director,3.7,100.0, Public,0.0,110.0,20.0,201,1.0,0.0
160,Biotech & Pharmaceuticals,Research Associate,3.0,0.0, Private,0.0,110.0,5.0,1001,0.0,0.0
161,Biotech & Pharmaceuticals,Research Associate,4.8,0.0, Public,0.0,110.0,13.0,201,1.0,0.0
162,Biotech & Pharmaceuticals,Scientist I,2.9,0.0, Public,0.0,110.0,26.0,501,1.0,0.0
163,Health Care Products Manufacturing,Scientist I,4.0,5000.0, Public,0.0,110.0,59.0,10000,1.0,0.0
164,Biotech & Pharmaceuticals,Scientist I,2.9,0.0, Public,0.0,110.0,26.0,501,1.0,0.0
165,Colleges & Universities,Research Technician,4.3,5000.0,Nonprofit,0.0,110.0,67.0,1001,0.0,0.0
166,Biotech & Pharmaceuticals,Scientist I,4.8,0.0, Public,0.0,110.0,13.0,201,1.0,0.0
167,Biotech & Pharmaceuticals,Scientist I,3.8,500.0, Public,0.0,110.0,7.0,201,1.0,0.0
168,Biotech & Pharmaceuticals,Scientist I,3.6,5.0, Public,0.0,110.0,9.0,501,1.0,1.0
169,Biotech & Pharmaceuticals,Scientist I,3.8,10.0, Private,0.0,110.0,29.0,51,1.0,0.0
170,Biotech & Pharmaceuticals,Scientist I,2.7,0.0, Public,0.0,110.0,7.0,51,1.0,0.0
171,Biotech & Pharmaceuticals,Scientist I,3.3,5000.0, Public,0.0,119.0,31.0,1001,1.0,1.0
172,Health Care Services & Hospitals,Scientist I,3.3,500.0,Nonprofit,0.0,119.0,107.0,5001,1.0,0.0
173,Federal Agencies,Research Technician,3.4,0.0,Government,0.0,119.0,90.0,10000,0.0,0.0
174,Biotech & Pharmaceuticals,Research Director,5.0,0.0, Private,0.0,119.0,1.0,51,1.0,1.0
175,Biotech & Pharmaceuticals,Scientist I,3.2,5.0, Public,0.0,119.0,13.0,10000,0.0,0.0
176,Colleges & Universities,Postdoc,4.3,5000.0,Nonprofit,0.0,119.0,67.0,1001,0.0,1.0
177,Health Care Services & Hospitals,Scientist I,4.0,0.0,Hospital,0.0,119.0,36.0,5001,1.0,0.0
178,Health Care Services & Hospitals,Scientist I,4.0,500.0, Public,0.0,119.0,25.0,1001,1.0,0.0
179,Biotech & Pharmaceuticals,Scientist I,3.6,5.0, Public,0.0,119.0,9.0,501,1.0,0.0
180,Biotech & Pharmaceuticals,Scientist I,4.5,0.0, Public,0.0,119.0,13.0,201,1.0,0.0
181,Federal Agencies,Research Technician,3.4,0.0,Government,0.0,119.0,90.0,10000,0.0,0.0
182,Health Care Products Manufacturing,Scientist I,3.2,2000.0, Public,0.0,119.0,97.0,5001,1.0,0.0
183,Health Care Products Manufacturing,Scientist I,4.0,5000.0, Public,0.0,119.0,59.0,10000,0.0,0.0
184,Biotech & Pharmaceuticals,Scientist I,3.1,500.0, Public,0.0,119.0,21.0,501,1.0,0.0
185,Biotech & Pharmaceuticals,Scientist I,4.0,10000.0, Public,0.0,119.0,107.0,10000,0.0,0.0
186,Federal Agencies,Scientist I,3.4,0.0,Government,0.0,119.0,90.0,10000,0.0,0.0
187,Health Care Products Manufacturing,Manager,3.2,2000.0, Public,0.0,119.0,97.0,5001,1.0,0.0
188,Biotech & Pharmaceuticals,Scientist I,3.6,5.0, Public,0.0,119.0,9.0,501,1.0,0.0
190,Health Care Products Manufacturing,Scientist I,4.0,5000.0, Public,0.0,119.0,59.0,10000,1.0,0.0
191,Colleges & Universities,Research Technician,4.3,5000.0,Nonprofit,0.0,119.0,67.0,1001,0.0,0.0
192,Biotech & Pharmaceuticals,Scientist I,3.6,5.0, Public,0.0,119.0,9.0,501,1.0,1.0
193,Biotech & Pharmaceuticals,Research Technician,2.2,10.0, Private,0.0,119.0,13.0,51,1.0,0.0
194,Colleges & Universities,Manager,4.3,5000.0,Nonprofit,0.0,119.0,67.0,1001,0.0,0.0
195,Biotech & Pharmaceuticals,Scientist I,4.4,0.0, Private,0.0,119.0,14.0,501,1.0,0.0
197,Biotech & Pharmaceuticals,Scientist I,3.6,5.0, Public,0.0,119.0,9.0,501,1.0,0.0
199,Biotech & Pharmaceuticals,Scientist I,3.6,5.0, Public,0.0,119.0,9.0,501,1.0,0.0
200,Biotech & Pharmaceuticals,Research Specialist,3.5,50.0, Private,0.0,183.5,9.0,501,0.0,0.0
201,Biotech & Pharmaceuticals,Scientist I,4.0,10000.0, Private,0.0,183.5,44.0,10000,1.0,1.0
202,Biotech & Pharmaceuticals,Scientist I,3.6,5.0, Public,0.0,183.5,9.0,501,1.0,0.0
203,Health Care Products Manufacturing,Scientist I,4.0,5000.0, Public,0.0,183.5,59.0,10000,1.0,0.0
204,Biotech & Pharmaceuticals,Scientist I,3.7,10000.0, Public,0.0,183.5,239.0,10000,0.0,0.0
205,Colleges & Universities,Postdoc,4.3,5000.0,Nonprofit,0.0,183.5,67.0,1001,0.0,1.0
206,Biotech & Pharmaceuticals,Scientist I,3.6,5.0, Public,0.0,183.5,9.0,501,1.0,0.0
207,Federal Agencies,Scientist I,3.4,0.0,Government,0.0,183.5,90.0,10000,0.0,0.0
208,Biotech & Pharmaceuticals,Scientist I,3.6,5.0, Public,0.0,183.5,9.0,501,1.0,0.0
209,Biotech & Pharmaceuticals,VP Research,3.8,1.0, Private,0.0,183.5,10.0,51,1.0,0.0
210,Biotech & Pharmaceuticals,Scientist I,3.6,5.0, Public,0.0,183.5,9.0,501,1.0,0.0
211,Biotech & Pharmaceuticals,Scientist I,3.7,10000.0, Public,0.0,183.5,239.0,10000,0.0,1.0
212,Biotech & Pharmaceuticals,Scientist I,2.9,500.0, Private,0.0,183.5,31.0,501,1.0,0.0
213,Biotech & Pharmaceuticals,Research Associate,3.8,500.0, Public,0.0,183.5,7.0,201,1.0,0.0
214,Health Care Services & Hospitals,Postdoc,3.9,2000.0,Hospital,0.0,183.5,183.0,5001,1.0,1.0
215,Federal Agencies,Research Technician,3.4,0.0,Government,0.0,183.5,90.0,10000,0.0,0.0
216,Biotech & Pharmaceuticals,Scientist I,4.8,0.0, Public,0.0,183.5,13.0,201,1.0,0.0
217,Biotech & Pharmaceuticals,Scientist I,4.4,0.0, Public,0.0,183.5,9.0,201,1.0,0.0
218,Federal Agencies,Research Technician,3.4,0.0,Government,0.0,183.5,90.0,10000,0.0,0.0
219,Biotech & Pharmaceuticals,Research Director,4.0,0.0, Public,0.0,183.5,4.0,51,1.0,1.0
220,Biotech & Pharmaceuticals,Scientist I,3.7,10000.0, Public,0.0,183.5,239.0,10000,0.0,0.0
221,Health Care Services & Hospitals,Research Technician,3.8,500.0,Nonprofit,0.0,183.5,113.0,1001,1.0,0.0
222,Health Care Products Manufacturing,Scientist I,4.0,5000.0, Public,0.0,183.5,59.0,10000,1.0,0.0
223,Health Care Services & Hospitals,Scientist I,3.9,10000.0, Public,0.0,183.5,173.0,10000,0.0,0.0
224,Biotech & Pharmaceuticals,Scientist I,3.6,5.0, Public,0.0,183.5,9.0,501,1.0,0.0
225,Colleges & Universities,Scientist I,3.9,0.0,Academic,0.0,183.5,21.0,51,1.0,1.0
226,Biotech & Pharmaceuticals,Scientist I,3.9,10000.0, Public,0.0,183.5,190.0,10000,0.0,1.0
227,Biotech & Pharmaceuticals,Scientist I,3.6,5.0, Public,0.0,183.5,9.0,501,1.0,0.0
228,Biotech & Pharmaceuticals,Manager,3.8,0.0, Private,0.0,183.5,18.0,51,1.0,0.0
229,Biotech & Pharmaceuticals,Scientist I,3.9,10000.0, Public,0.0,183.5,190.0,10000,0.0,0.0
230,Biotech & Pharmaceuticals,Engineer,3.8,0.0, Private,0.0,183.5,18.0,51,1.0,0.0
231,Biotech & Pharmaceuticals,VP Research,4.8,0.0, Public,0.0,183.5,13.0,201,1.0,1.0
232,Biotech & Pharmaceuticals,Research Technician,3.4,10000.0, Public,0.0,46.0,74.0,5001,0.0,0.0
233,Biotech & Pharmaceuticals,Research Associate,4.2,500.0, Private,0.0,46.0,21.0,201,1.0,0.0
234,Biotech & Pharmaceuticals,Research Associate,3.9,10000.0, Public,0.0,46.0,32.0,5001,1.0,0.0
235,Biotech & Pharmaceuticals,Research Director,3.7,100.0, Public,0.0,46.0,20.0,201,1.0,0.0
236,Biotech & Pharmaceuticals,Scientist I,4.5,500.0, Private,0.0,46.0,27.0,1001,1.0,0.0
237,Biotech & Pharmaceuticals,Scientist I,4.1,10000.0, Public,0.0,46.0,171.0,10000,0.0,0.0
238,Biotech & Pharmaceuticals,Research Specialist,3.2,5.0, Public,0.0,46.0,13.0,10000,0.0,0.0
239,Biotech & Pharmaceuticals,Research Associate,3.0,0.0, Private,0.0,46.0,5.0,1001,0.0,0.0
240,Biotech & Pharmaceuticals,Scientist I,3.5,5.0, Private,0.0,46.0,14.0,51,1.0,0.0
242,Biotech & Pharmaceuticals,Research Associate,4.8,0.0, Public,0.0,46.0,13.0,201,1.0,0.0
243,Biotech & Pharmaceuticals,Scientist I,4.2,5000.0, Private,0.0,46.0,57.0,10000,0.0,0.0
244,Biotech & Pharmaceuticals,Scientist I,3.1,500.0, Public,0.0,46.0,21.0,501,1.0,0.0
245,Biotech & Pharmaceuticals,Scientist I,2.9,0.0, Public,0.0,46.0,26.0,501,1.0,0.0
246,Biotech & Pharmaceuticals,Scientist I,3.0,10000.0, Public,0.0,46.0,25.0,10000,1.0,0.0
247,Biotech & Pharmaceuticals,Research Specialist,3.9,500.0, Private,0.0,46.0,52.0,1001,0.0,0.0
248,Health Care Products Manufacturing,Scientist I,4.0,5000.0, Public,0.0,46.0,59.0,10000,1.0,0.0
249,Colleges & Universities,Research Technician,4.3,5000.0,Nonprofit,0.0,46.0,67.0,1001,0.0,0.0
250,Biotech & Pharmaceuticals,Scientist I,2.9,0.0, Public,0.0,46.0,26.0,501,1.0,0.0
251,Health Care Services & Hospitals,Research Assistant,4.1,10000.0,Hospital,0.0,46.0,179.0,10000,1.0,0.0
252,Biotech & Pharmaceuticals,Scientist I,3.8,500.0, Public,0.0,46.0,7.0,201,1.0,0.0
253,Biotech & Pharmaceuticals,Research Associate,5.0,0.0, Private,0.0,46.0,2.0,1,1.0,0.0
254,Biotech & Pharmaceuticals,Scientist I,4.0,10000.0, Public,0.0,46.0,107.0,10000,0.0,0.0
255,Biotech & Pharmaceuticals,Scientist I,4.8,0.0, Public,0.0,46.0,13.0,201,1.0,0.0
256,Colleges & Universities,Scientist I,4.4,500.0,Academic,0.0,46.0,172.0,5001,1.0,0.0
257,Biotech & Pharmaceuticals,Scientist I,4.0,10000.0, Private,0.0,46.0,44.0,10000,1.0,1.0
258,Health Care Services & Hospitals,Scientist I,3.6,2000.0,Nonprofit,0.0,46.0,113.0,5001,1.0,0.0
259,Biotech & Pharmaceuticals,Scientist I,3.6,5.0, Public,0.0,46.0,9.0,501,1.0,1.0
260,Health Care Services & Hospitals,Research Associate,4.1,10000.0,Hospital,0.0,46.0,179.0,10000,1.0,0.0
261,Biotech & Pharmaceuticals,Scientist I,3.8,10.0, Private,0.0,46.0,29.0,51,1.0,0.0
262,Biotech & Pharmaceuticals,Scientist I,2.7,0.0, Public,0.0,46.0,7.0,51,1.0,0.0
263,Colleges & Universities,Research Associate,3.9,500.0,Academic,1.0,15.5,132.0,1001,1.0,0.0
264,Biotech & Pharmaceuticals,Research Technician,3.4,0.0, Private,1.0,15.5,37.0,5001,0.0,0.0
265,Federal Agencies,Research Technician,3.4,0.0,Government,1.0,15.5,90.0,10000,0.0,0.0
266,Biotech & Pharmaceuticals,Scientist I,3.5,5.0, Private,1.0,15.5,14.0,51,1.0,0.0
267,Biotech & Pharmaceuticals,Engineer,4.0,5000.0, Public,1.0,15.5,22.0,5001,1.0,0.0
268,Biotech & Pharmaceuticals,Research Associate,3.8,1.0, Private,1.0,15.5,10.0,51,1.0,0.0
269,Biotech & Pharmaceuticals,Scientist I,4.1,10000.0, Public,1.0,15.5,124.0,10000,0.0,0.0
270,Biotech & Pharmaceuticals,Scientist I,4.0,10000.0, Public,1.0,15.5,107.0,10000,0.0,0.0
271,Biotech & Pharmaceuticals,Scientist I,3.2,5.0, Public,1.0,15.5,13.0,10000,0.0,0.0
272,Colleges & Universities,Postdoc,4.3,5000.0,Nonprofit,1.0,15.5,67.0,1001,0.0,1.0
273,Biotech & Pharmaceuticals,Research Director,5.0,0.0, Private,1.0,15.5,1.0,51,1.0,1.0
275,Biotech & Pharmaceuticals,Research Associate,4.1,10000.0, Public,1.0,15.5,171.0,10000,0.0,0.0
276,Health Care Services & Hospitals,Scientist I,4.6,2000.0,Nonprofit,1.0,15.5,58.0,1001,1.0,1.0
277,Computer Hardware & Software,Scientist I,3.2,5000.0, Private,1.0,15.5,34.0,5001,0.0,0.0
278,Health Care Services & Hospitals,Scientist I,4.0,0.0,Hospital,1.0,15.5,36.0,5001,1.0,0.0
279,Biotech & Pharmaceuticals,Scientist I,4.0,10000.0, Private,1.0,15.5,44.0,10000,1.0,1.0
280,Biotech & Pharmaceuticals,Scientist I,3.6,5.0, Public,1.0,15.5,9.0,501,1.0,0.0
281,Biotech & Pharmaceuticals,Scientist I,4.0,10000.0, Public,1.0,15.5,107.0,10000,0.0,0.0
282,Biotech & Pharmaceuticals,Scientist I,4.0,10000.0, Public,1.0,15.5,107.0,10000,0.0,1.0
283,Health Care Services & Hospitals,Scientist I,4.0,500.0, Public,1.0,15.5,25.0,1001,1.0,0.0
284,Biotech & Pharmaceuticals,Research Technician,3.4,10000.0, Public,1.0,15.5,74.0,5001,0.0,0.0
285,Federal Agencies,Research Technician,3.4,0.0,Government,1.0,15.5,90.0,10000,0.0,0.0
287,Biotech & Pharmaceuticals,Research Associate,3.3,5000.0, Public,1.0,15.5,73.0,10000,0.0,0.0
288,Biotech & Pharmaceuticals,Scientist I,4.5,0.0, Public,1.0,15.5,13.0,201,1.0,0.0
289,Biotech & Pharmaceuticals,Scientist I,4.0,10000.0, Public,1.0,15.5,107.0,10000,0.0,1.0
290,Health Care Products Manufacturing,Scientist I,4.0,5000.0, Public,1.0,15.5,59.0,10000,0.0,0.0
291,Health Care Products Manufacturing,Scientist I,3.2,2000.0, Public,0.0,148.0,97.0,5001,1.0,0.0
292,Biotech & Pharmaceuticals,Scientist I,3.0,25.0, Public,0.0,148.0,10.0,1001,1.0,0.0
294,Biotech & Pharmaceuticals,Scientist I,4.0,10000.0, Public,0.0,148.0,107.0,10000,0.0,0.0
295,Biotech & Pharmaceuticals,Scientist I,3.9,10000.0, Public,0.0,148.0,32.0,5001,1.0,1.0
296,Biotech & Pharmaceuticals,Scientist I,4.0,10000.0, Private,0.0,148.0,44.0,10000,1.0,0.0
297,Health Care Services & Hospitals,Research Technician,4.6,2000.0,Nonprofit,0.0,148.0,58.0,1001,1.0,0.0
298,Biotech & Pharmaceuticals,Scientist I,3.1,500.0, Public,0.0,148.0,21.0,501,1.0,0.0
299,Biotech & Pharmaceuticals,Manager,4.9,0.0, Private,0.0,148.0,46.0,201,1.0,0.0
300,Health Care Products Manufacturing,Manager,3.2,2000.0, Public,0.0,148.0,97.0,5001,1.0,0.0
301,Health Care Services & Hospitals,Scientist I,4.6,2000.0,Nonprofit,0.0,148.0,58.0,1001,1.0,0.0
302,Biotech & Pharmaceuticals,Scientist I,4.0,10000.0, Public,0.0,148.0,107.0,10000,0.0,0.0
303,Computer Hardware & Software,Scientist I,3.5,100.0, Private,0.0,148.0,32.0,1001,1.0,1.0
304,Biotech & Pharmaceuticals,Research Associate,4.2,500.0, Private,0.0,148.0,21.0,201,1.0,0.0
305,Biotech & Pharmaceuticals,Scientist I,4.0,10000.0, Private,0.0,148.0,44.0,10000,1.0,1.0
306,Federal Agencies,Scientist I,3.4,0.0,Government,0.0,148.0,90.0,10000,0.0,0.0
309,Health Care Products Manufacturing,Engineer,3.0,500.0, Private,0.0,148.0,30.0,501,1.0,0.0
311,Biotech & Pharmaceuticals,Scientist I,3.6,5.0, Public,0.0,148.0,9.0,501,1.0,0.0
312,Biotech & Pharmaceuticals,Research Specialist,3.9,10000.0, Public,0.0,148.0,32.0,5001,1.0,0.0
313,Biotech & Pharmaceuticals,Scientist I,3.5,5.0, Private,0.0,148.0,14.0,51,1.0,0.0
314,Biotech & Pharmaceuticals,Scientist I,2.3,5.0, Private,0.0,148.0,0.0,1,1.0,0.0
315,Biotech & Pharmaceuticals,Research Associate,3.9,10000.0, Public,0.0,148.0,32.0,5001,1.0,0.0
316,Colleges & Universities,Research Technician,4.3,5000.0,Nonprofit,0.0,148.0,67.0,1001,0.0,0.0
317,Biotech & Pharmaceuticals,Engineer,3.1,10000.0,Nonprofit,0.0,148.0,91.0,10000,1.0,0.0
318,Biotech & Pharmaceuticals,Research Associate,2.0,0.0, Private,0.0,148.0,0.0,51,1.0,0.0
319,Health Care Products Manufacturing,Scientist I,4.0,5000.0, Public,0.0,148.0,59.0,10000,1.0,0.0
320,Biotech & Pharmaceuticals,Research Associate,3.9,10000.0, Public,0.0,148.0,32.0,5001,1.0,0.0
321,Biotech & Pharmaceuticals,Scientist I,4.0,5000.0, Public,0.0,64.0,22.0,5001,1.0,1.0
322,Biotech & Pharmaceuticals,Research Associate,3.9,1.0, Private,0.0,64.0,12.0,51,1.0,0.0
323,Biotech & Pharmaceuticals,Scientist I,4.0,5000.0, Public,0.0,64.0,22.0,5001,1.0,0.0
324,Biotech & Pharmaceuticals,Scientist I,3.6,5.0, Public,0.0,64.0,9.0,501,1.0,1.0
325,Biotech & Pharmaceuticals,Research Technician,2.2,10.0, Private,0.0,64.0,13.0,51,1.0,0.0
326,Biotech & Pharmaceuticals,Scientist I,4.4,0.0, Private,0.0,64.0,14.0,501,1.0,0.0
327,Biotech & Pharmaceuticals,Scientist I,3.9,10000.0, Public,0.0,64.0,32.0,5001,1.0,0.0
329,Biotech & Pharmaceuticals,Scientist I,4.0,10000.0, Public,0.0,64.0,107.0,10000,0.0,0.0
330,Biotech & Pharmaceuticals,Scientist I,3.9,10000.0, Public,0.0,64.0,32.0,5001,1.0,0.0
331,Colleges & Universities,Manager,4.3,5000.0,Nonprofit,0.0,64.0,67.0,1001,0.0,0.0
332,Biotech & Pharmaceuticals,Scientist I,3.9,10000.0, Public,0.0,64.0,32.0,5001,1.0,0.0
333,Colleges & Universities,Research Associate,3.6,2000.0,Academic,0.0,64.0,120.0,5001,1.0,0.0
335,Biotech & Pharmaceuticals,Scientist I,3.6,5.0, Public,0.0,64.0,9.0,501,1.0,0.0
337,Biotech & Pharmaceuticals,Scientist I,3.9,10000.0, Public,0.0,64.0,32.0,5001,1.0,1.0
338,Biotech & Pharmaceuticals,Scientist I,4.0,10000.0, Public,0.0,64.0,107.0,10000,0.0,0.0
339,Biotech & Pharmaceuticals,Scientist I,3.6,5.0, Public,0.0,64.0,9.0,501,1.0,0.0
340,Biotech & Pharmaceuticals,Manager,5.0,0.0, Private,0.0,64.0,1.0,51,1.0,0.0
341,Biotech & Pharmaceuticals,Research Associate,3.9,10000.0, Public,0.0,64.0,32.0,5001,1.0,0.0
342,Biotech & Pharmaceuticals,Scientist I,3.9,10000.0, Public,0.0,64.0,32.0,5001,1.0,0.0
343,Biotech & Pharmaceuticals,Manager,4.0,10000.0, Public,0.0,64.0,107.0,10000,0.0,1.0
344,Biotech & Pharmaceuticals,Research Director,4.0,10000.0, Public,0.0,64.0,107.0,10000,0.0,1.0
345,Biotech & Pharmaceuticals,Scientist I,3.6,5.0, Public,0.0,64.0,9.0,501,1.0,0.0
346,Biotech & Pharmaceuticals,Scientist I,3.7,10000.0, Public,0.0,64.0,239.0,10000,0.0,0.0
347,Biotech & Pharmaceuticals,Scientist I,4.0,10000.0, Public,0.0,64.0,107.0,10000,0.0,0.0
348,Federal Agencies,Research Technician,3.4,0.0,Government,0.0,64.0,90.0,10000,0.0,0.0
350,Health Care Products Manufacturing,Scientist I,4.0,5000.0, Public,0.0,70.5,59.0,10000,1.0,0.0
351,Biotech & Pharmaceuticals,Scientist I,3.6,5.0, Public,0.0,70.5,9.0,501,1.0,0.0
352,Colleges & Universities,Postdoc,4.3,5000.0,Nonprofit,0.0,70.5,67.0,1001,0.0,1.0
353,Health Care Services & Hospitals,Scientist I,4.0,0.0,Hospital,0.0,70.5,36.0,5001,1.0,0.0
354,Biotech & Pharmaceuticals,Scientist I,3.6,5.0, Public,0.0,70.5,9.0,501,1.0,0.0
355,Biotech & Pharmaceuticals,Scientist I,5.0,0.0, Private,0.0,70.5,4.0,51,1.0,0.0
356,Health Care Services & Hospitals,Scientist I,4.0,0.0,Hospital,0.0,70.5,36.0,5001,1.0,0.0
357,Federal Agencies,Scientist I,3.4,0.0,Government,0.0,70.5,90.0,10000,0.0,0.0
358,Computer Hardware & Software,Scientist I,3.5,100.0, Private,0.0,70.5,32.0,1001,1.0,1.0
359,Biotech & Pharmaceuticals,VP Research,3.8,1.0, Private,0.0,70.5,10.0,51,1.0,0.0
360,Biotech & Pharmaceuticals,Scientist I,3.6,5.0, Public,0.0,70.5,9.0,501,1.0,0.0
361,Biotech & Pharmaceuticals,Scientist I,4.0,10000.0, Private,0.0,70.5,44.0,10000,1.0,1.0
362,Biotech & Pharmaceuticals,Research Associate,3.9,10000.0, Public,0.0,70.5,32.0,5001,1.0,0.0
363,Biotech & Pharmaceuticals,Scientist I,4.1,10000.0, Public,0.0,70.5,171.0,10000,0.0,0.0
364,Biotech & Pharmaceuticals,Research Associate,2.5,50.0, Public,0.0,70.5,22.0,201,0.0,0.0
365,Biotech & Pharmaceuticals,Scientist I,2.9,500.0, Private,0.0,70.5,31.0,501,1.0,0.0
366,Biotech & Pharmaceuticals,Scientist I,3.9,10000.0, Public,0.0,70.5,32.0,5001,1.0,1.0
367,Biotech & Pharmaceuticals,Scientist I,3.7,10000.0, Public,0.0,70.5,239.0,10000,0.0,1.0
368,Biotech & Pharmaceuticals,Scientist I,4.0,5000.0, Public,0.0,70.5,22.0,5001,0.0,0.0
369,Biotech & Pharmaceuticals,Research Associate,3.8,500.0, Public,0.0,70.5,7.0,201,1.0,0.0
370,Federal Agencies,Research Technician,3.4,0.0,Government,0.0,70.5,90.0,10000,0.0,0.0
371,Health Care Services & Hospitals,Postdoc,3.9,2000.0,Hospital,0.0,70.5,183.0,5001,1.0,1.0
372,Biotech & Pharmaceuticals,Scientist I,3.9,10000.0, Public,0.0,70.5,32.0,5001,1.0,1.0
373,Biotech & Pharmaceuticals,Scientist I,4.0,10000.0, Public,0.0,70.5,107.0,10000,0.0,0.0
374,Biotech & Pharmaceuticals,Scientist I,3.9,10000.0, Public,0.0,70.5,32.0,5001,1.0,0.0
375,Federal Agencies,Scientist I,3.4,0.0,Government,0.0,70.5,90.0,10000,0.0,0.0
376,Biotech & Pharmaceuticals,Scientist I,4.0,10000.0, Public,0.0,70.5,107.0,10000,0.0,0.0
377,Biotech & Pharmaceuticals,Scientist I,4.1,10000.0, Public,0.0,106.0,171.0,10000,0.0,0.0
378,Biotech & Pharmaceuticals,Scientist I,3.6,5.0, Public,0.0,106.0,9.0,501,1.0,0.0
379,Biotech & Pharmaceuticals,Scientist I,4.0,10000.0, Public,0.0,106.0,107.0,10000,0.0,0.0
380,Federal Agencies,Scientist I,3.4,0.0,Government,0.0,106.0,90.0,10000,0.0,0.0
381,Federal Agencies,Research Technician,3.4,0.0,Government,0.0,106.0,90.0,10000,0.0,0.0
382,Health Care Services & Hospitals,Scientist I,3.9,10000.0, Public,0.0,106.0,173.0,10000,0.0,0.0
383,Biotech & Pharmaceuticals,Scientist I,3.9,10000.0, Public,0.0,106.0,32.0,5001,1.0,1.0
384,Biotech & Pharmaceuticals,QC Technician,3.0,25.0, Public,0.0,106.0,10.0,1001,1.0,0.0
385,Biotech & Pharmaceuticals,Research Associate,3.8,500.0, Public,0.0,106.0,7.0,201,1.0,0.0
386,Biotech & Pharmaceuticals,Scientist I,3.6,5.0, Public,0.0,106.0,9.0,501,1.0,0.0
387,Biotech & Pharmaceuticals,Scientist I,4.4,0.0, Public,0.0,106.0,9.0,201,1.0,0.0
388,Biotech & Pharmaceuticals,Scientist I,2.5,50.0, Public,0.0,106.0,22.0,201,1.0,0.0
389,Health Care Services & Hospitals,Scientist I,4.0,0.0,Hospital,0.0,106.0,36.0,5001,1.0,0.0
390,Colleges & Universities,Scientist I,3.9,0.0,Academic,0.0,106.0,21.0,51,1.0,1.0
391,Biotech & Pharmaceuticals,Scientist I,2.5,1000.0, Private,0.0,106.0,29.0,1001,1.0,0.0
392,Biotech & Pharmaceuticals,Research Director,3.7,10000.0, Public,0.0,106.0,239.0,10000,0.0,1.0
393,Health Care Services & Hospitals,Scientist I,4.1,500.0, Public,0.0,106.0,19.0,1001,1.0,0.0
394,Biotech & Pharmaceuticals,Scientist I,4.0,10000.0, Public,0.0,106.0,107.0,10000,0.0,1.0
395,Biotech & Pharmaceuticals,Scientist I,3.5,5.0, Private,0.0,106.0,14.0,51,1.0,0.0
396,Biotech & Pharmaceuticals,Scientist I,4.0,10000.0, Private,0.0,106.0,44.0,10000,1.0,1.0
397,Biotech & Pharmaceuticals,Postdoc,4.0,10000.0, Private,0.0,106.0,44.0,10000,1.0,0.0
398,Biotech & Pharmaceuticals,Scientist I,4.0,10000.0, Private,0.0,106.0,44.0,10000,1.0,1.0
399,Biotech & Pharmaceuticals,Scientist I,4.0,10000.0, Public,0.0,106.0,107.0,10000,0.0,1.0
400,Biotech & Pharmaceuticals,Scientist I,3.7,10000.0, Public,0.0,106.0,239.0,10000,0.0,0.0
401,Colleges & Universities,Scientist I,4.3,5000.0,Nonprofit,0.0,106.0,67.0,1001,0.0,0.0
402,Biotech & Pharmaceuticals,VP Research,4.8,0.0, Public,0.0,106.0,13.0,201,1.0,1.0
403,Biotech & Pharmaceuticals,Scientist I,3.6,5.0, Public,0.0,106.0,9.0,501,1.0,0.0
404,Health Care Services & Hospitals,Postdoc,3.4,1000.0,Nonprofit,0.0,106.0,66.0,1001,1.0,0.0
405,Federal Agencies,Research Technician,3.4,0.0,Government,0.0,106.0,90.0,10000,0.0,0.0
406,Biotech & Pharmaceuticals,Scientist I,3.6,5.0, Public,0.0,79.0,9.0,501,1.0,0.0
407,Colleges & Universities,Research Assistant,4.4,0.0,Academic,0.0,79.0,119.0,1001,1.0,0.0
408,Biotech & Pharmaceuticals,Scientist I,4.0,10000.0, Public,0.0,79.0,107.0,10000,0.0,0.0
411,Biotech & Pharmaceuticals,Scientist I,3.2,2000.0, Public,0.0,79.0,60.0,5001,0.0,0.0
412,Biotech & Pharmaceuticals,Scientist I,3.6,10.0, Public,0.0,79.0,12.0,51,1.0,1.0
413,Biotech & Pharmaceuticals,Scientist I,3.7,1000.0, Public,0.0,79.0,23.0,1001,1.0,0.0
415,Biotech & Pharmaceuticals,Scientist I,4.0,0.0, Private,0.0,79.0,0.0,51,1.0,0.0
416,Health Care Products Manufacturing,Research Technician,4.0,5000.0, Public,0.0,79.0,59.0,10000,0.0,0.0
417,Biotech & Pharmaceuticals,Scientist I,4.0,0.0, Private,0.0,79.0,0.0,51,1.0,0.0
418,Computer Hardware & Software,Scientist I,3.8,0.0, Private,0.0,79.0,12.0,51,0.0,1.0
419,Biotech & Pharmaceuticals,Research Associate,4.0,10000.0, Public,0.0,79.0,107.0,10000,0.0,0.0
420,Biotech & Pharmaceuticals,Scientist I,4.4,0.0, Private,0.0,79.0,14.0,501,1.0,0.0
421,Health Care Services & Hospitals,Research Technician,3.6,10.0,Nonprofit,0.0,79.0,73.0,1001,1.0,0.0
422,Biotech & Pharmaceuticals,Scientist I,4.0,0.0, Public,0.0,79.0,4.0,51,1.0,0.0
423,Computer Hardware & Software,Scientist I,3.0,0.0, Private,0.0,79.0,4.0,51,1.0,1.0
424,Colleges & Universities,Research Technician,4.3,5000.0,Nonprofit,0.0,79.0,67.0,1001,0.0,0.0
425,Health Care Services & Hospitals,Scientist I,3.6,0.0, Private,0.0,79.0,4.0,1,1.0,1.0
426,Biotech & Pharmaceuticals,Scientist I,2.4,100.0, Private,0.0,79.0,14.0,501,1.0,1.0
427,Computer Hardware & Software,Scientist I,3.9,25.0, Public,0.0,79.0,12.0,51,1.0,0.0
428,Colleges & Universities,Research Specialist,4.4,0.0,Academic,0.0,79.0,119.0,1001,1.0,0.0
429,Biotech & Pharmaceuticals,Scientist I,4.0,0.0, Private,0.0,79.0,0.0,51,1.0,0.0
430,Biotech & Pharmaceuticals,Scientist I,3.6,5.0, Public,0.0,79.0,9.0,501,1.0,1.0
431,Biotech & Pharmaceuticals,Research Technician,-1.0,0.0, Private,0.0,79.0,4.0,1,1.0,0.0
432,Biotech & Pharmaceuticals,Research Director,4.0,0.0, Private,0.0,79.0,0.0,51,1.0,0.0
433,Biotech & Pharmaceuticals,Scientist I,3.3,0.0, Private,0.0,45.5,25.0,51,0.0,0.0
434,Health Care Services & Hospitals,Scientist I,3.3,500.0,Nonprofit,0.0,45.5,107.0,5001,1.0,0.0
435,Health Care Services & Hospitals,Research Technician,3.6,10.0,Nonprofit,0.0,45.5,73.0,1001,0.0,0.0
436,Biotech & Pharmaceuticals,Scientist I,4.9,0.0, Private,0.0,45.5,46.0,201,1.0,0.0
437,Health Care Services & Hospitals,Postdoc,3.6,10.0,Nonprofit,0.0,45.5,73.0,1001,1.0,1.0
438,Biotech & Pharmaceuticals,Research Associate,3.7,0.0, Private,0.0,45.5,4.0,51,1.0,0.0
439,Biotech & Pharmaceuticals,QC Technician,4.9,0.0, Private,0.0,45.5,46.0,201,1.0,0.0
440,Biotech & Pharmaceuticals,Research Associate,4.0,5000.0, Public,0.0,45.5,21.0,10000,1.0,0.0
441,Biotech & Pharmaceuticals,Research Associate,4.0,25.0, Private,0.0,45.5,12.0,51,1.0,0.0
442,Biotech & Pharmaceuticals,Scientist I,3.6,5.0, Public,0.0,45.5,9.0,501,1.0,0.0
443,Health Care Services & Hospitals,Scientist I,-1.0,0.0,Contract,0.0,45.5,0.0,1,0.0,1.0
444,Biotech & Pharmaceuticals,Research Director,4.0,0.0, Private,0.0,45.5,0.0,51,1.0,0.0
445,Biotech & Pharmaceuticals,Research Associate,4.7,0.0, Public,0.0,45.5,14.0,201,1.0,0.0
446,Biotech & Pharmaceuticals,Scientist I,4.9,0.0, Private,0.0,45.5,46.0,201,1.0,0.0
447,Biotech & Pharmaceuticals,Scientist I,3.9,10000.0, Public,0.0,45.5,162.0,10000,0.0,0.0
448,Biotech & Pharmaceuticals,Research Associate,3.8,500.0, Public,0.0,45.5,7.0,201,1.0,0.0
449,Biotech & Pharmaceuticals,Scientist I,4.9,0.0, Private,0.0,45.5,46.0,201,1.0,0.0
450,Biotech & Pharmaceuticals,Scientist I,4.4,0.0, Private,0.0,45.5,14.0,501,1.0,1.0
451,Colleges & Universities,Manager,4.3,5000.0,Nonprofit,0.0,45.5,67.0,1001,0.0,0.0
452,Biotech & Pharmaceuticals,Scientist I,3.6,5.0, Public,0.0,45.5,9.0,501,1.0,0.0
453,Biotech & Pharmaceuticals,Research Associate,3.5,0.0, Public,0.0,45.5,16.0,51,0.0,0.0
454,Biotech & Pharmaceuticals,Research Associate,2.0,0.0, Private,0.0,45.5,0.0,51,1.0,0.0
455,Biotech & Pharmaceuticals,Manager,4.9,0.0, Private,0.0,45.5,46.0,201,0.0,0.0
457,Biotech & Pharmaceuticals,Scientist I,4.9,0.0, Private,0.0,45.5,46.0,201,1.0,0.0
458,Biotech & Pharmaceuticals,Scientist I,3.3,100.0, Public,0.0,45.5,26.0,201,1.0,0.0
459,Biotech & Pharmaceuticals,Research Associate,3.4,25.0, Private,0.0,45.5,19.0,51,1.0,0.0
460,Biotech & Pharmaceuticals,Research Associate,3.4,0.0, Private,0.0,63.0,37.0,5001,0.0,0.0
461,Biotech & Pharmaceuticals,Research Associate,4.0,0.0, Public,0.0,63.0,8.0,501,1.0,0.0
462,Biotech & Pharmaceuticals,Scientist I,3.5,0.0, Private,0.0,63.0,4.0,201,1.0,0.0
463,Biotech & Pharmaceuticals,Engineer,2.5,50.0, Public,0.0,63.0,22.0,201,1.0,0.0
464,Biotech & Pharmaceuticals,Research Technician,4.9,0.0, Private,0.0,63.0,46.0,201,1.0,0.0
465,Biotech & Pharmaceuticals,Scientist I,4.8,0.0, Public,0.0,63.0,13.0,201,1.0,0.0
467,Biotech & Pharmaceuticals,Scientist I,3.9,5.0, Public,0.0,63.0,9.0,51,1.0,0.0
468,Biotech & Pharmaceuticals,Scientist I,4.4,0.0, Private,0.0,63.0,14.0,501,1.0,1.0
469,Biotech & Pharmaceuticals,Research Associate,3.0,0.0, Private,0.0,63.0,5.0,1001,0.0,0.0
470,Colleges & Universities,Postdoc,4.1,100.0,Nonprofit,0.0,63.0,64.0,201,1.0,1.0
471,Biotech & Pharmaceuticals,Scientist I,2.5,50.0, Public,0.0,63.0,0.0,201,1.0,0.0
472,Biotech & Pharmaceuticals,Scientist I,2.9,0.0, Public,0.0,63.0,26.0,501,1.0,0.0
473,Biotech & Pharmaceuticals,Manager,4.0,0.0, Public,0.0,63.0,8.0,501,0.0,0.0
475,Biotech & Pharmaceuticals,Research Associate,3.6,5.0, Public,0.0,63.0,9.0,501,1.0,0.0
476,Biotech & Pharmaceuticals,Scientist I,5.0,0.0, Private,0.0,63.0,1.0,51,1.0,0.0
477,Colleges & Universities,Research Associate,3.8,0.0,Academic,0.0,63.0,0.0,501,1.0,0.0
480,Biotech & Pharmaceuticals,Scientist I,4.0,10000.0, Private,0.0,63.0,44.0,10000,1.0,0.0
482,Biotech & Pharmaceuticals,Scientist I,3.6,5.0, Public,0.0,63.0,9.0,501,1.0,1.0
483,Biotech & Pharmaceuticals,Scientist I,3.1,5.0, Private,0.0,63.0,8.0,201,1.0,0.0
484,Biotech & Pharmaceuticals,Scientist I,3.6,5.0, Public,0.0,63.0,9.0,501,1.0,1.0
486,Biotech & Pharmaceuticals,Scientist I,3.6,5.0, Public,0.0,63.0,9.0,501,1.0,0.0
487,Colleges & Universities,Research Technician,4.3,5000.0,Nonprofit,0.0,63.0,67.0,1001,1.0,0.0
488,Biotech & Pharmaceuticals,Research Specialist,4.9,0.0, Private,0.0,63.0,46.0,201,1.0,0.0
489,Biotech & Pharmaceuticals,Scientist I,3.5,1.0, Public,0.0,63.0,18.0,51,1.0,0.0
490,Biotech & Pharmaceuticals,Scientist I,4.0,10000.0, Public,0.0,63.0,107.0,10000,0.0,1.0
491,Biotech & Pharmaceuticals,Research Technician,3.4,10000.0, Public,0.0,58.0,74.0,5001,0.0,0.0
492,Biotech & Pharmaceuticals,Scientist I,3.4,10000.0, Public,0.0,58.0,74.0,5001,0.0,0.0
493,Colleges & Universities,Postdoc,3.7,0.0,Nonprofit,0.0,58.0,0.0,1001,1.0,0.0
494,Colleges & Universities,Scientist I,4.3,5000.0,Nonprofit,0.0,58.0,67.0,1001,0.0,0.0
495,Biotech & Pharmaceuticals,VP Research,5.0,0.0, Private,0.0,58.0,1.0,51,1.0,0.0
496,Biotech & Pharmaceuticals,Engineer,5.0,0.0, Private,0.0,58.0,1.0,51,1.0,1.0
497,Colleges & Universities,Research Technician,4.3,5000.0,Nonprofit,0.0,58.0,67.0,1001,0.0,0.0
498,Biotech & Pharmaceuticals,Research Associate,2.0,0.0, Private,0.0,58.0,0.0,51,1.0,0.0
499,Biotech & Pharmaceuticals,Research Associate,3.6,5.0, Public,0.0,58.0,9.0,501,1.0,0.0
500,Biotech & Pharmaceuticals,Scientist I,4.9,0.0, Private,0.0,58.0,46.0,201,1.0,0.0
502,Biotech & Pharmaceuticals,Scientist I,3.8,500.0, Public,0.0,58.0,7.0,201,1.0,1.0
503,Biotech & Pharmaceuticals,Scientist I,4.3,0.0, Private,0.0,58.0,0.0,1001,0.0,0.0
504,Colleges & Universities,Research Associate,3.1,50.0,Nonprofit,0.0,58.0,27.0,201,1.0,0.0
505,Biotech & Pharmaceuticals,Research Associate,4.2,25.0, Private,0.0,58.0,19.0,51,0.0,0.0
508,Biotech & Pharmaceuticals,Scientist I,3.4,0.0, Private,0.0,58.0,21.0,501,1.0,1.0
509,Biotech & Pharmaceuticals,Scientist I,3.0,500.0, Public,0.0,58.0,22.0,501,1.0,1.0
511,Biotech & Pharmaceuticals,Scientist I,3.6,10.0, Public,0.0,58.0,12.0,51,1.0,0.0
512,Colleges & Universities,Postdoc,4.3,5000.0,Nonprofit,0.0,58.0,67.0,1001,0.0,1.0
513,Biotech & Pharmaceuticals,Scientist I,3.6,5.0, Public,0.0,58.0,9.0,501,1.0,0.0
514,Biotech & Pharmaceuticals,Research Associate,4.0,10000.0, Public,0.0,58.0,107.0,10000,0.0,0.0
515,Biotech & Pharmaceuticals,Scientist I,3.6,5.0, Public,0.0,58.0,9.0,501,1.0,0.0
516,Biotech & Pharmaceuticals,Scientist I,3.0,500.0, Public,0.0,58.0,22.0,501,1.0,0.0
517,Biotech & Pharmaceuticals,Scientist I,3.0,0.0, Private,0.0,58.0,36.0,201,0.0,0.0
518,Biotech & Pharmaceuticals,Scientist I,4.3,25.0, Private,0.0,58.0,9.0,51,1.0,1.0
519,Biotech & Pharmaceuticals,Scientist I,2.4,500.0, Public,0.0,58.0,28.0,51,1.0,0.0
520,Biotech & Pharmaceuticals,Scientist I,3.4,10000.0, Public,0.0,115.5,74.0,5001,0.0,1.0
521,Biotech & Pharmaceuticals,Research Director,4.0,10000.0, Private,0.0,115.5,44.0,10000,1.0,0.0
522,Biotech & Pharmaceuticals,Scientist I,3.9,5.0, Public,0.0,115.5,9.0,51,1.0,1.0
523,Biotech & Pharmaceuticals,Research Associate,4.0,10000.0, Private,0.0,115.5,44.0,10000,1.0,0.0
524,Colleges & Universities,Manager,4.4,0.0,Academic,0.0,115.5,119.0,1001,1.0,0.0
525,Biotech & Pharmaceuticals,Scientist I,3.6,10.0, Public,0.0,115.5,12.0,51,1.0,0.0
526,Federal Agencies,Scientist I,3.6,100.0,Nonprofit,0.0,115.5,53.0,501,0.0,0.0
528,Colleges & Universities,Research Specialist,4.3,5000.0,Nonprofit,0.0,115.5,67.0,1001,0.0,1.0
529,Health Care Services & Hospitals,Scientist I,4.6,2000.0,Nonprofit,0.0,115.5,58.0,1001,1.0,0.0
530,Health Care Services & Hospitals,Scientist I,3.3,500.0,Nonprofit,0.0,115.5,107.0,5001,1.0,0.0
531,Biotech & Pharmaceuticals,Scientist I,2.6,25.0, Public,0.0,115.5,10.0,501,1.0,0.0
532,Biotech & Pharmaceuticals,Scientist I,3.6,5.0, Public,0.0,115.5,9.0,501,1.0,1.0
533,Biotech & Pharmaceuticals,Research Associate,4.8,0.0, Public,0.0,115.5,13.0,201,1.0,0.0
534,Health Care Products Manufacturing,Scientist I,3.6,10000.0, Public,0.0,115.5,123.0,10000,0.0,0.0
535,Health Care Products Manufacturing,Scientist I,4.0,5000.0, Public,0.0,115.5,59.0,10000,1.0,0.0
536,Federal Agencies,Scientist I,3.6,100.0,Nonprofit,0.0,115.5,53.0,501,0.0,0.0
537,Biotech & Pharmaceuticals,Scientist I,3.6,5.0, Public,0.0,115.5,9.0,501,1.0,0.0
538,Colleges & Universities,Postdoc,4.3,5000.0,Nonprofit,0.0,115.5,67.0,1001,0.0,1.0
539,Colleges & Universities,Research Technician,4.3,5000.0,Nonprofit,0.0,115.5,67.0,1001,0.0,0.0
540,Biotech & Pharmaceuticals,Scientist I,3.6,5.0, Public,0.0,115.5,9.0,501,1.0,1.0
541,Biotech & Pharmaceuticals,Engineer,3.0,2000.0, Public,0.0,115.5,22.0,1001,1.0,0.0
542,Biotech & Pharmaceuticals,Research Specialist,3.2,5.0, Public,0.0,115.5,13.0,10000,0.0,0.0
543,Biotech & Pharmaceuticals,Scientist I,3.2,5.0, Public,0.0,115.5,13.0,10000,0.0,0.0
544,Biotech & Pharmaceuticals,Scientist I,2.9,0.0, Public,0.0,115.5,26.0,501,1.0,0.0
545,Biotech & Pharmaceuticals,Research Director,5.0,0.0, Private,0.0,115.5,1.0,51,1.0,1.0
546,Biotech & Pharmaceuticals,Scientist I,4.5,0.0, Public,0.0,115.5,13.0,201,1.0,0.0
547,Biotech & Pharmaceuticals,Research Director,3.7,100.0, Public,0.0,115.5,20.0,201,1.0,0.0
548,Health Care Services & Hospitals,Scientist I,3.3,500.0,Nonprofit,0.0,41.5,107.0,5001,1.0,0.0
549,Biotech & Pharmaceuticals,Scientist I,3.3,5000.0, Public,0.0,41.5,31.0,1001,1.0,1.0
550,Biotech & Pharmaceuticals,Scientist I,3.8,10.0, Private,0.0,41.5,29.0,51,1.0,0.0
551,Biotech & Pharmaceuticals,Scientist I,2.9,0.0, Public,0.0,41.5,26.0,501,1.0,0.0
552,Health Care Products Manufacturing,Scientist I,3.3,1000.0, Private,0.0,41.5,17.0,1001,0.0,0.0
553,Federal Agencies,Research Technician,3.4,0.0,Government,0.0,41.5,90.0,10000,0.0,0.0
554,Health Care Products Manufacturing,Scientist I,4.0,5000.0, Public,0.0,41.5,59.0,10000,1.0,0.0
555,Health Care Products Manufacturing,Manager,3.2,2000.0, Public,0.0,41.5,97.0,5001,1.0,0.0
556,Biotech & Pharmaceuticals,Scientist I,3.6,5.0, Public,0.0,41.5,9.0,501,1.0,0.0
557,Biotech & Pharmaceuticals,Scientist I,2.7,0.0, Public,0.0,41.5,7.0,51,1.0,0.0
559,Health Care Services & Hospitals,Scientist I,4.0,0.0,Hospital,0.0,41.5,36.0,5001,1.0,0.0
560,Health Care Products Manufacturing,Scientist I,3.2,2000.0, Public,0.0,41.5,97.0,5001,1.0,0.0
561,Biotech & Pharmaceuticals,Scientist I,3.6,5.0, Public,0.0,41.5,9.0,501,1.0,1.0
562,Biotech & Pharmaceuticals,Scientist I,4.8,0.0, Public,0.0,41.5,13.0,201,1.0,0.0
563,Biotech & Pharmaceuticals,Scientist I,4.4,0.0, Private,0.0,41.5,14.0,501,1.0,0.0
564,Biotech & Pharmaceuticals,Scientist I,3.8,500.0, Public,0.0,41.5,7.0,201,1.0,0.0
565,Health Care Services & Hospitals,Scientist I,4.0,500.0, Public,0.0,41.5,25.0,1001,1.0,0.0
566,Biotech & Pharmaceuticals,Scientist I,3.6,5.0, Public,0.0,41.5,9.0,501,1.0,0.0
567,Federal Agencies,Research Technician,3.4,0.0,Government,0.0,41.5,90.0,10000,0.0,0.0
568,Health Care Products Manufacturing,Scientist I,4.0,5000.0, Public,0.0,41.5,59.0,10000,0.0,0.0
569,Federal Agencies,Scientist I,3.4,0.0,Government,0.0,41.5,90.0,10000,0.0,0.0
570,Colleges & Universities,Manager,4.3,5000.0,Nonprofit,0.0,41.5,67.0,1001,0.0,0.0
571,Biotech & Pharmaceuticals,Scientist I,3.6,5.0, Public,0.0,41.5,9.0,501,1.0,0.0
572,Biotech & Pharmaceuticals,Scientist I,3.6,5.0, Public,0.0,41.5,9.0,501,1.0,0.0
573,Biotech & Pharmaceuticals,Manager,3.8,0.0, Private,0.0,41.5,18.0,51,1.0,0.0
574,Biotech & Pharmaceuticals,Scientist I,3.1,500.0, Public,0.0,41.5,21.0,501,1.0,0.0
575,Biotech & Pharmaceuticals,VP Research,3.8,1.0, Private,0.0,41.5,10.0,51,1.0,0.0
576,Health Care Services & Hospitals,Postdoc,3.9,2000.0,Hospital,0.0,41.5,183.0,5001,1.0,1.0
577,Biotech & Pharmaceuticals,Scientist I,4.0,10000.0, Public,0.0,41.5,107.0,10000,0.0,0.0
578,Biotech & Pharmaceuticals,Scientist I,3.6,5.0, Public,0.0,41.5,9.0,501,1.0,0.0
579,Biotech & Pharmaceuticals,Research Specialist,3.5,50.0, Private,0.0,183.5,9.0,501,0.0,0.0
580,Biotech & Pharmaceuticals,Scientist I,4.0,10000.0, Private,0.0,183.5,44.0,10000,1.0,1.0
582,Colleges & Universities,Research Technician,4.3,5000.0,Nonprofit,0.0,183.5,67.0,1001,0.0,0.0
583,Biotech & Pharmaceuticals,Scientist I,3.6,5.0, Public,0.0,183.5,9.0,501,1.0,0.0
584,Federal Agencies,Scientist I,3.4,0.0,Government,0.0,183.5,90.0,10000,0.0,0.0
585,Biotech & Pharmaceuticals,Research Technician,2.2,10.0, Private,0.0,183.5,13.0,51,1.0,0.0
586,Colleges & Universities,Postdoc,4.3,5000.0,Nonprofit,0.0,183.5,67.0,1001,0.0,1.0
587,Biotech & Pharmaceuticals,Scientist I,3.6,5.0, Public,0.0,183.5,9.0,501,1.0,0.0
589,Health Care Services & Hospitals,Research Technician,3.8,500.0,Nonprofit,0.0,183.5,113.0,1001,1.0,0.0
590,Health Care Products Manufacturing,Scientist I,4.0,5000.0, Public,0.0,183.5,59.0,10000,1.0,0.0
591,Health Care Products Manufacturing,Scientist I,4.0,5000.0, Public,0.0,183.5,59.0,10000,1.0,0.0
592,Biotech & Pharmaceuticals,Scientist I,3.6,5.0, Public,0.0,183.5,9.0,501,1.0,0.0
593,Biotech & Pharmaceuticals,Scientist I,3.7,10000.0, Public,0.0,183.5,239.0,10000,0.0,0.0
594,Biotech & Pharmaceuticals,Scientist I,2.9,500.0, Private,0.0,183.5,31.0,501,1.0,0.0
595,Biotech & Pharmaceuticals,Scientist I,3.7,10000.0, Public,0.0,183.5,239.0,10000,0.0,1.0
596,Biotech & Pharmaceuticals,Scientist I,3.6,5.0, Public,0.0,183.5,9.0,501,1.0,0.0
597,Federal Agencies,Research Technician,3.4,0.0,Government,0.0,183.5,90.0,10000,0.0,0.0
598,Health Care Services & Hospitals,Scientist I,3.9,10000.0, Public,0.0,183.5,173.0,10000,0.0,0.0
599,Biotech & Pharmaceuticals,Research Associate,3.8,500.0, Public,0.0,183.5,7.0,201,1.0,0.0
600,Biotech & Pharmaceuticals,Scientist I,3.6,5.0, Public,0.0,183.5,9.0,501,1.0,0.0
601,Biotech & Pharmaceuticals,Scientist I,4.4,0.0, Public,0.0,183.5,9.0,201,1.0,0.0
602,Colleges & Universities,Scientist I,3.9,0.0,Academic,0.0,183.5,21.0,51,1.0,1.0
603,Health Care Services & Hospitals,Scientist I,4.1,500.0, Public,0.0,183.5,19.0,1001,1.0,0.0
604,Colleges & Universities,Scientist I,4.3,5000.0,Nonprofit,0.0,183.5,67.0,1001,0.0,0.0
605,Biotech & Pharmaceuticals,Research Director,3.7,10000.0, Public,0.0,183.5,239.0,10000,0.0,1.0
606,Biotech & Pharmaceuticals,Scientist I,3.7,10000.0, Public,0.0,183.5,239.0,10000,0.0,0.0
607,Biotech & Pharmaceuticals,Scientist I,3.6,5.0, Public,0.0,183.5,9.0,501,1.0,0.0
608,Biotech & Pharmaceuticals,VP Research,4.8,0.0, Public,0.0,183.5,13.0,201,1.0,1.0
609,Federal Agencies,Research Technician,3.4,0.0,Government,0.0,183.5,90.0,10000,0.0,0.0
610,Biotech & Pharmaceuticals,Research Technician,3.4,10000.0, Public,0.0,42.0,74.0,5001,0.0,0.0
611,Biotech & Pharmaceuticals,Research Associate,4.2,500.0, Private,0.0,42.0,21.0,201,1.0,0.0
612,Colleges & Universities,Postdoc,4.3,5000.0,Nonprofit,0.0,42.0,67.0,1001,0.0,1.0
613,Biotech & Pharmaceuticals,Scientist I,3.1,500.0, Public,0.0,42.0,21.0,501,1.0,0.0
614,Biotech & Pharmaceuticals,Scientist I,4.5,500.0, Private,0.0,42.0,27.0,1001,1.0,0.0
615,Biotech & Pharmaceuticals,Scientist I,4.0,10000.0, Private,0.0,42.0,44.0,10000,1.0,1.0
617,Colleges & Universities,Research Technician,4.3,5000.0,Nonprofit,0.0,42.0,67.0,1001,0.0,0.0
618,Biotech & Pharmaceuticals,Scientist I,3.6,5.0, Public,0.0,42.0,9.0,501,1.0,0.0
619,Biotech & Pharmaceuticals,Scientist I,4.0,5000.0, Public,0.0,42.0,22.0,5001,1.0,0.0
620,Biotech & Pharmaceuticals,Engineer,4.0,10000.0, Public,0.0,42.0,107.0,10000,0.0,0.0
621,Biotech & Pharmaceuticals,Scientist I,3.6,5.0, Public,0.0,42.0,9.0,501,1.0,1.0
622,Biotech & Pharmaceuticals,Scientist I,3.4,25.0, Public,0.0,42.0,24.0,10000,0.0,1.0
623,Biotech & Pharmaceuticals,Research Associate,4.1,10000.0, Public,0.0,42.0,171.0,10000,0.0,0.0
624,Biotech & Pharmaceuticals,Scientist I,3.3,5000.0, Public,0.0,42.0,31.0,1001,1.0,1.0
625,Biotech & Pharmaceuticals,Research Specialist,3.9,500.0, Private,0.0,42.0,52.0,1001,0.0,0.0
626,Biotech & Pharmaceuticals,Engineer,3.0,2000.0, Public,0.0,42.0,22.0,1001,1.0,0.0
627,Colleges & Universities,Scientist I,4.4,500.0,Academic,0.0,42.0,172.0,5001,1.0,0.0
628,Biotech & Pharmaceuticals,Research Specialist,3.2,5.0, Public,0.0,42.0,13.0,10000,0.0,0.0
629,Biotech & Pharmaceuticals,Scientist I,3.2,5.0, Public,0.0,42.0,13.0,10000,0.0,0.0
630,Biotech & Pharmaceuticals,Scientist I,3.0,10000.0, Public,0.0,42.0,25.0,10000,1.0,0.0
631,Health Care Services & Hospitals,Research Assistant,4.1,10000.0,Hospital,0.0,42.0,179.0,10000,1.0,0.0
632,Biotech & Pharmaceuticals,Scientist I,2.9,0.0, Public,0.0,42.0,26.0,501,1.0,0.0
633,Biotech & Pharmaceuticals,Research Associate,5.0,0.0, Private,0.0,42.0,2.0,1,1.0,0.0
634,Biotech & Pharmaceuticals,Scientist I,4.5,0.0, Public,0.0,42.0,13.0,201,1.0,0.0
635,Biotech & Pharmaceuticals,Scientist I,4.1,10000.0, Public,0.0,42.0,171.0,10000,0.0,0.0
636,Biotech & Pharmaceuticals,Research Director,5.0,0.0, Private,0.0,42.0,1.0,51,1.0,1.0
637,Biotech & Pharmaceuticals,Research Director,3.7,100.0, Public,0.0,42.0,20.0,201,1.0,0.0
638,Biotech & Pharmaceuticals,Scientist I,3.8,10.0, Private,0.0,42.0,29.0,51,1.0,0.0
639,Biotech & Pharmaceuticals,Scientist I,3.5,5.0, Private,0.0,42.0,14.0,51,1.0,0.0
640,Biotech & Pharmaceuticals,Scientist I,4.0,10000.0, Private,0.0,42.0,44.0,10000,1.0,1.0
641,Biotech & Pharmaceuticals,Scientist I,4.2,5000.0, Private,0.0,76.5,57.0,10000,0.0,0.0
642,Biotech & Pharmaceuticals,Research Technician,3.4,0.0, Private,0.0,76.5,37.0,5001,0.0,0.0
643,Biotech & Pharmaceuticals,Scientist I,2.9,0.0, Public,0.0,76.5,26.0,501,1.0,0.0
644,Health Care Services & Hospitals,Research Associate,4.1,10000.0,Hospital,0.0,76.5,179.0,10000,1.0,0.0
645,Health Care Products Manufacturing,Scientist I,3.3,1000.0, Private,0.0,76.5,17.0,1001,0.0,0.0
646,Colleges & Universities,Research Assistant,4.4,0.0,Academic,0.0,76.5,119.0,1001,1.0,0.0
647,Federal Agencies,Research Technician,3.4,0.0,Government,0.0,76.5,90.0,10000,0.0,0.0
648,Health Care Products Manufacturing,Scientist I,4.0,5000.0, Public,0.0,76.5,59.0,10000,1.0,0.0
649,Biotech & Pharmaceuticals,Scientist I,3.6,5.0, Public,0.0,76.5,9.0,501,1.0,0.0
650,Biotech & Pharmaceuticals,Research Associate,3.8,1.0, Private,0.0,76.5,10.0,51,1.0,0.0
652,Biotech & Pharmaceuticals,Scientist I,3.5,5.0, Private,0.0,76.5,14.0,51,1.0,0.0
653,Health Care Products Manufacturing,Manager,3.2,2000.0, Public,0.0,76.5,97.0,5001,1.0,0.0
654,Biotech & Pharmaceuticals,Scientist I,3.9,10000.0, Public,0.0,76.5,32.0,5001,1.0,0.0
655,Biotech & Pharmaceuticals,Scientist I,4.1,10000.0, Public,0.0,76.5,124.0,10000,0.0,0.0
656,Biotech & Pharmaceuticals,Scientist I,4.0,10000.0, Public,0.0,76.5,107.0,10000,0.0,0.0
657,Biotech & Pharmaceuticals,Scientist I,2.7,0.0, Public,0.0,76.5,7.0,51,1.0,0.0
659,Biotech & Pharmaceuticals,Scientist I,4.0,10000.0, Public,0.0,76.5,107.0,10000,0.0,1.0
660,Biotech & Pharmaceuticals,Scientist I,4.0,10000.0, Private,0.0,76.5,44.0,10000,1.0,1.0
661,Health Care Services & Hospitals,Scientist I,4.0,0.0,Hospital,0.0,76.5,36.0,5001,1.0,0.0
663,Health Care Products Manufacturing,Scientist I,3.2,2000.0, Public,0.0,76.5,97.0,5001,1.0,0.0
664,Biotech & Pharmaceuticals,Scientist I,3.0,25.0, Public,0.0,76.5,10.0,1001,1.0,0.0
665,Biotech & Pharmaceuticals,Scientist I,4.0,10000.0, Public,0.0,76.5,107.0,10000,0.0,0.0
666,Biotech & Pharmaceuticals,Scientist I,3.6,5.0, Public,0.0,76.5,9.0,501,1.0,1.0
667,Biotech & Pharmaceuticals,Scientist I,4.8,0.0, Public,0.0,76.5,13.0,201,1.0,0.0
668,Biotech & Pharmaceuticals,Scientist I,4.0,10000.0, Public,0.0,76.5,107.0,10000,0.0,0.0
669,Computer Hardware & Software,Scientist I,3.2,5000.0, Private,0.0,76.5,34.0,5001,0.0,0.0
670,Biotech & Pharmaceuticals,Scientist I,4.4,0.0, Private,0.0,120.0,14.0,501,1.0,0.0
671,Biotech & Pharmaceuticals,Scientist I,3.8,500.0, Public,0.0,120.0,7.0,201,1.0,0.0
672,Health Care Services & Hospitals,Scientist I,4.0,500.0, Public,0.0,120.0,25.0,1001,1.0,0.0
674,Biotech & Pharmaceuticals,Scientist I,4.0,10000.0, Public,0.0,120.0,107.0,10000,0.0,0.0
675,Biotech & Pharmaceuticals,Scientist I,2.3,5.0, Private,0.0,120.0,0.0,1,1.0,0.0
676,Federal Agencies,Research Technician,3.4,0.0,Government,0.0,120.0,90.0,10000,0.0,0.0
677,Health Care Services & Hospitals,Research Technician,4.6,2000.0,Nonprofit,0.0,120.0,58.0,1001,1.0,0.0
679,Biotech & Pharmaceuticals,Scientist I,3.6,5.0, Public,0.0,120.0,9.0,501,1.0,0.0
680,Biotech & Pharmaceuticals,Scientist I,4.0,10000.0, Public,0.0,120.0,107.0,10000,0.0,0.0
681,Health Care Services & Hospitals,Scientist I,4.6,2000.0,Nonprofit,0.0,120.0,58.0,1001,1.0,1.0
682,Biotech & Pharmaceuticals,Scientist I,4.0,10000.0, Private,0.0,120.0,44.0,10000,1.0,0.0
683,Health Care Products Manufacturing,Scientist I,4.0,5000.0, Public,0.0,120.0,59.0,10000,0.0,0.0
684,Biotech & Pharmaceuticals,Research Associate,3.9,10000.0, Public,0.0,120.0,32.0,5001,1.0,0.0
685,Biotech & Pharmaceuticals,Research Associate,2.0,0.0, Private,0.0,120.0,0.0,51,1.0,0.0
686,Federal Agencies,Scientist I,3.4,0.0,Government,0.0,120.0,90.0,10000,0.0,0.0
687,Biotech & Pharmaceuticals,Research Associate,3.9,10000.0, Public,0.0,120.0,32.0,5001,1.0,0.0
688,Colleges & Universities,Manager,4.3,5000.0,Nonprofit,0.0,120.0,67.0,1001,0.0,0.0
689,Biotech & Pharmaceuticals,Engineer,4.0,5000.0, Public,0.0,120.0,22.0,5001,1.0,0.0
690,Biotech & Pharmaceuticals,Scientist I,3.9,10000.0, Public,0.0,120.0,32.0,5001,1.0,1.0
691,Biotech & Pharmaceuticals,Research Associate,3.4,5000.0, Private,0.0,120.0,33.0,10000,0.0,0.0
692,Computer Hardware & Software,Scientist I,3.5,100.0, Private,0.0,120.0,32.0,1001,1.0,1.0
693,Biotech & Pharmaceuticals,Scientist I,3.9,10000.0, Public,0.0,120.0,32.0,5001,1.0,0.0
694,Biotech & Pharmaceuticals,Research Associate,4.2,500.0, Private,0.0,120.0,21.0,201,1.0,0.0
695,Biotech & Pharmaceuticals,Scientist I,3.6,5.0, Public,0.0,120.0,9.0,501,1.0,0.0
696,Biotech & Pharmaceuticals,Engineer,3.1,10000.0,Nonprofit,0.0,120.0,91.0,10000,1.0,0.0
697,Biotech & Pharmaceuticals,Scientist I,4.0,10000.0, Private,0.0,120.0,44.0,10000,1.0,1.0
698,Biotech & Pharmaceuticals,Research Specialist,3.9,10000.0, Public,0.0,120.0,32.0,5001,1.0,0.0
699,Health Care Products Manufacturing,Engineer,3.0,500.0, Private,0.0,88.5,30.0,501,1.0,0.0
700,Biotech & Pharmaceuticals,Research Associate,3.9,10000.0, Public,0.0,88.5,32.0,5001,1.0,0.0
701,Colleges & Universities,Research Associate,3.6,2000.0,Academic,0.0,88.5,120.0,5001,1.0,0.0
702,Biotech & Pharmaceuticals,Scientist I,4.0,5000.0, Public,0.0,88.5,22.0,5001,1.0,1.0
703,Biotech & Pharmaceuticals,Scientist I,3.6,5.0, Public,0.0,88.5,9.0,501,1.0,0.0
705,Biotech & Pharmaceuticals,Research Associate,3.9,10000.0, Public,0.0,88.5,32.0,5001,1.0,0.0
706,Biotech & Pharmaceuticals,Scientist I,4.0,5000.0, Public,0.0,88.5,22.0,5001,0.0,0.0
707,Biotech & Pharmaceuticals,Scientist I,3.9,10000.0, Public,0.0,88.5,32.0,5001,1.0,0.0
708,Biotech & Pharmaceuticals,Manager,3.8,0.0, Private,0.0,88.5,18.0,51,1.0,0.0
709,Biotech & Pharmaceuticals,Scientist I,3.1,500.0, Public,0.0,88.5,21.0,501,1.0,0.0
710,Biotech & Pharmaceuticals,Research Associate,3.9,1.0, Private,0.0,88.5,12.0,51,1.0,0.0
711,Biotech & Pharmaceuticals,VP Research,3.8,1.0, Private,0.0,88.5,10.0,51,1.0,0.0
712,Biotech & Pharmaceuticals,Scientist I,4.0,10000.0, Public,0.0,88.5,107.0,10000,0.0,0.0
713,Biotech & Pharmaceuticals,Scientist I,4.0,10000.0, Public,0.0,88.5,107.0,10000,0.0,0.0
714,Biotech & Pharmaceuticals,Scientist I,4.0,5000.0, Public,0.0,88.5,22.0,5001,1.0,0.0
716,Biotech & Pharmaceuticals,Scientist I,4.0,10000.0, Public,0.0,88.5,107.0,10000,0.0,0.0
718,Health Care Services & Hospitals,Postdoc,3.9,2000.0,Hospital,0.0,88.5,183.0,5001,1.0,1.0
719,Biotech & Pharmaceuticals,Research Associate,3.9,10000.0, Public,0.0,88.5,32.0,5001,1.0,0.0
720,Biotech & Pharmaceuticals,Scientist I,3.6,5.0, Public,0.0,88.5,9.0,501,1.0,0.0
721,Biotech & Pharmaceuticals,Scientist I,3.9,10000.0, Public,0.0,88.5,32.0,5001,1.0,1.0
722,Biotech & Pharmaceuticals,Scientist I,3.6,5.0, Public,0.0,88.5,9.0,501,1.0,0.0
724,Biotech & Pharmaceuticals,Scientist I,4.0,0.0, Public,0.0,88.5,8.0,501,0.0,0.0
725,Colleges & Universities,Research Technician,4.3,5000.0,Nonprofit,0.0,88.5,67.0,1001,0.0,0.0
726,Federal Agencies,Research Technician,3.4,0.0,Government,0.0,88.5,90.0,10000,0.0,0.0
727,Biotech & Pharmaceuticals,Manager,4.9,0.0, Private,0.0,88.5,46.0,201,1.0,0.0
728,Biotech & Pharmaceuticals,Research Associate,3.7,500.0, Public,0.0,88.5,44.0,10000,0.0,0.0
729,Health Care Services & Hospitals,Scientist I,4.6,2000.0,Nonprofit,0.0,108.0,58.0,1001,1.0,0.0
730,Biotech & Pharmaceuticals,Scientist I,3.5,5.0, Private,0.0,108.0,14.0,51,1.0,0.0
731,Biotech & Pharmaceuticals,Scientist I,5.0,0.0, Private,0.0,108.0,4.0,51,1.0,0.0
733,Biotech & Pharmaceuticals,Manager,5.0,0.0, Private,0.0,108.0,1.0,51,1.0,0.0
734,Biotech & Pharmaceuticals,Manager,4.0,10000.0, Public,0.0,108.0,107.0,10000,0.0,1.0
735,Federal Agencies,Scientist I,3.4,0.0,Government,0.0,108.0,90.0,10000,0.0,0.0
736,Health Care Services & Hospitals,Scientist I,4.0,0.0,Hospital,0.0,108.0,36.0,5001,1.0,0.0
737,Colleges & Universities,Postdoc,4.3,5000.0,Nonprofit,0.0,108.0,67.0,1001,0.0,1.0
738,Biotech & Pharmaceuticals,Scientist I,3.6,5.0, Public,0.0,108.0,9.0,501,1.0,0.0
739,Health Care Services & Hospitals,Research Technician,3.8,500.0,Nonprofit,0.0,108.0,113.0,1001,1.0,0.0
740,Biotech & Pharmaceuticals,Research Associate,3.9,10000.0, Public,0.0,108.0,32.0,5001,1.0,0.0
741,Biotech & Pharmaceuticals,Scientist I,3.9,10000.0, Public,0.0,108.0,32.0,5001,1.0,0.0
742,Health Care Products Manufacturing,Scientist I,4.0,5000.0, Public,0.0,108.0,59.0,10000,1.0,0.0
744,Biotech & Pharmaceuticals,Research Associate,3.9,10000.0, Public,0.0,108.0,32.0,5001,1.0,1.0
745,Health Care Products Manufacturing,Scientist I,4.0,5000.0, Public,0.0,108.0,59.0,10000,1.0,0.0
746,Biotech & Pharmaceuticals,Scientist I,3.6,5.0, Public,0.0,108.0,9.0,501,1.0,0.0
747,Biotech & Pharmaceuticals,Scientist I,3.7,10000.0, Public,0.0,108.0,239.0,10000,0.0,0.0
748,Biotech & Pharmaceuticals,Scientist I,3.7,10000.0, Public,0.0,108.0,239.0,10000,0.0,1.0
749,Biotech & Pharmaceuticals,Research Director,4.0,10000.0, Public,0.0,108.0,107.0,10000,0.0,1.0
750,Computer Hardware & Software,Scientist I,3.5,100.0, Private,0.0,108.0,32.0,1001,1.0,1.0
751,Health Care Services & Hospitals,Scientist I,4.0,0.0,Hospital,0.0,108.0,36.0,5001,1.0,0.0
752,Biotech & Pharmaceuticals,Scientist I,4.0,10000.0, Public,0.0,108.0,107.0,10000,0.0,0.0
753,Biotech & Pharmaceuticals,Research Associate,2.5,50.0, Public,0.0,108.0,22.0,201,0.0,0.0
754,Biotech & Pharmaceuticals,Scientist I,4.0,10000.0, Public,0.0,108.0,107.0,10000,0.0,1.0
755,Biotech & Pharmaceuticals,Scientist I,2.9,500.0, Private,0.0,108.0,31.0,501,1.0,0.0
757,Biotech & Pharmaceuticals,Scientist I,4.0,10000.0, Public,0.0,108.0,107.0,10000,0.0,0.0
758,Federal Agencies,Research Technician,3.4,0.0,Government,1.0,18.5,90.0,10000,0.0,0.0
759,Biotech & Pharmaceuticals,Scientist I,3.9,10000.0, Public,1.0,18.5,32.0,5001,1.0,1.0
760,Federal Agencies,Scientist I,3.4,0.0,Government,1.0,18.5,90.0,10000,0.0,0.0
761,Health Care Services & Hospitals,Scientist I,3.9,10000.0, Public,1.0,18.5,173.0,10000,0.0,0.0
762,Biotech & Pharmaceuticals,QC Technician,3.0,25.0, Public,1.0,18.5,10.0,1001,1.0,0.0
763,Biotech & Pharmaceuticals,Research Associate,3.8,500.0, Public,1.0,18.5,7.0,201,1.0,0.0
764,Biotech & Pharmaceuticals,Manager,3.8,0.0, Private,1.0,18.5,18.0,51,1.0,0.0
765,Biotech & Pharmaceuticals,Scientist I,4.4,0.0, Public,1.0,18.5,9.0,201,1.0,0.0
766,Biotech & Pharmaceuticals,Scientist I,3.6,5.0, Public,1.0,18.5,9.0,501,1.0,0.0
767,Biotech & Pharmaceuticals,Scientist I,2.5,50.0, Public,1.0,18.5,22.0,201,1.0,0.0
768,Health Care Services & Hospitals,Scientist I,4.0,0.0,Hospital,1.0,18.5,36.0,5001,1.0,0.0
769,Colleges & Universities,Scientist I,3.9,0.0,Academic,1.0,18.5,21.0,51,1.0,1.0
770,Biotech & Pharmaceuticals,Scientist I,2.5,1000.0, Private,1.0,18.5,29.0,1001,1.0,0.0
771,Biotech & Pharmaceuticals,Manager,2.6,25.0, Public,1.0,18.5,10.0,501,1.0,0.0
772,Health Care Services & Hospitals,Scientist I,4.1,500.0, Public,1.0,18.5,19.0,1001,1.0,0.0
773,Biotech & Pharmaceuticals,Scientist I,3.5,5.0, Private,1.0,18.5,14.0,51,1.0,0.0
774,Biotech & Pharmaceuticals,Research Director,3.7,10000.0, Public,1.0,18.5,239.0,10000,0.0,1.0
775,Biotech & Pharmaceuticals,Scientist I,4.0,10000.0, Public,1.0,18.5,107.0,10000,0.0,1.0
776,Biotech & Pharmaceuticals,Scientist I,4.0,10000.0, Private,1.0,18.5,44.0,10000,1.0,1.0
777,Biotech & Pharmaceuticals,Scientist I,4.0,10000.0, Private,1.0,18.5,44.0,10000,1.0,1.0
778,Biotech & Pharmaceuticals,Postdoc,4.0,10000.0, Private,1.0,18.5,44.0,10000,1.0,0.0
779,Colleges & Universities,Scientist I,4.3,5000.0,Nonprofit,1.0,18.5,67.0,1001,0.0,0.0
780,Biotech & Pharmaceuticals,Scientist I,4.0,10000.0, Public,1.0,18.5,107.0,10000,0.0,1.0
781,Biotech & Pharmaceuticals,Scientist I,3.7,10000.0, Public,1.0,18.5,239.0,10000,0.0,0.0
782,Biotech & Pharmaceuticals,VP Research,4.8,0.0, Public,1.0,18.5,13.0,201,1.0,1.0
783,Health Care Services & Hospitals,Postdoc,3.4,1000.0,Nonprofit,1.0,18.5,66.0,1001,1.0,0.0
784,Federal Agencies,Research Technician,3.4,0.0,Government,1.0,18.5,90.0,10000,0.0,0.0
785,Biotech & Pharmaceuticals,Scientist I,3.6,5.0, Public,1.0,18.5,9.0,501,1.0,0.0
786,Colleges & Universities,Research Technician,4.3,5000.0,Nonprofit,1.0,18.5,67.0,1001,0.0,0.0
787,Biotech & Pharmaceuticals,Scientist I,3.6,5.0, Public,0.0,79.0,9.0,501,1.0,0.0
788,Colleges & Universities,Research Assistant,4.4,0.0,Academic,0.0,79.0,119.0,1001,1.0,0.0
791,Biotech & Pharmaceuticals,Scientist I,3.6,10.0, Public,0.0,79.0,12.0,51,1.0,1.0
792,Biotech & Pharmaceuticals,Scientist I,3.2,2000.0, Public,0.0,79.0,60.0,5001,0.0,0.0
793,Biotech & Pharmaceuticals,Scientist I,3.7,1000.0, Public,0.0,79.0,23.0,1001,1.0,0.0
795,Biotech & Pharmaceuticals,Scientist I,4.0,0.0, Private,0.0,79.0,0.0,51,1.0,0.0
796,Health Care Products Manufacturing,Research Technician,4.0,5000.0, Public,0.0,79.0,59.0,10000,0.0,0.0
797,Biotech & Pharmaceuticals,Scientist I,4.0,0.0, Private,0.0,79.0,0.0,51,1.0,0.0
798,Biotech & Pharmaceuticals,Research Associate,4.0,10000.0, Public,0.0,79.0,107.0,10000,0.0,0.0
799,Biotech & Pharmaceuticals,Scientist I,4.4,0.0, Private,0.0,79.0,14.0,501,1.0,0.0
800,Computer Hardware & Software,Scientist I,3.8,0.0, Private,0.0,79.0,12.0,51,0.0,1.0
801,Biotech & Pharmaceuticals,Scientist I,4.0,0.0, Public,0.0,79.0,4.0,51,1.0,0.0
802,Health Care Services & Hospitals,Research Technician,3.6,10.0,Nonprofit,0.0,79.0,73.0,1001,1.0,0.0
803,Computer Hardware & Software,Scientist I,3.0,0.0, Private,0.0,79.0,4.0,51,1.0,1.0
804,Biotech & Pharmaceuticals,QC Technician,3.2,5.0, Public,0.0,79.0,13.0,10000,0.0,0.0
805,Colleges & Universities,Research Technician,4.3,5000.0,Nonprofit,0.0,79.0,67.0,1001,0.0,0.0
806,Health Care Services & Hospitals,Scientist I,3.6,0.0, Private,0.0,79.0,4.0,1,1.0,1.0
807,Biotech & Pharmaceuticals,Scientist I,2.4,100.0, Private,0.0,79.0,14.0,501,1.0,1.0
808,Computer Hardware & Software,Scientist I,3.9,25.0, Public,0.0,79.0,12.0,51,1.0,0.0
809,Colleges & Universities,Research Specialist,4.4,0.0,Academic,0.0,79.0,119.0,1001,1.0,0.0
810,Biotech & Pharmaceuticals,Scientist I,4.0,0.0, Private,0.0,79.0,0.0,51,1.0,0.0
811,Biotech & Pharmaceuticals,Scientist I,3.6,5.0, Public,0.0,79.0,9.0,501,1.0,1.0
812,Biotech & Pharmaceuticals,Research Technician,-1.0,0.0, Private,0.0,79.0,4.0,1,1.0,0.0
813,Biotech & Pharmaceuticals,Research Director,4.0,0.0, Private,0.0,79.0,0.0,51,1.0,0.0
814,Biotech & Pharmaceuticals,Scientist I,3.3,0.0, Private,0.0,45.5,25.0,51,0.0,0.0
815,Health Care Services & Hospitals,Scientist I,3.3,500.0,Nonprofit,0.0,45.5,107.0,5001,1.0,0.0
816,Health Care Services & Hospitals,Research Technician,3.6,10.0,Nonprofit,0.0,45.5,73.0,1001,0.0,0.0
817,Biotech & Pharmaceuticals,Scientist I,4.9,0.0, Private,0.0,45.5,46.0,201,1.0,0.0
818,Biotech & Pharmaceuticals,Research Associate,3.7,0.0, Private,0.0,45.5,4.0,51,1.0,0.0
819,Health Care Services & Hospitals,Postdoc,3.6,10.0,Nonprofit,0.0,45.5,73.0,1001,1.0,1.0
820,Biotech & Pharmaceuticals,QC Technician,4.9,0.0, Private,0.0,45.5,46.0,201,1.0,0.0
821,Biotech & Pharmaceuticals,Research Associate,4.0,5000.0, Public,0.0,45.5,21.0,10000,1.0,0.0
822,Biotech & Pharmaceuticals,Research Associate,4.0,25.0, Private,0.0,45.5,12.0,51,1.0,0.0
823,Biotech & Pharmaceuticals,Scientist I,3.6,5.0, Public,0.0,45.5,9.0,501,1.0,0.0
824,Health Care Services & Hospitals,Scientist I,-1.0,0.0,Contract,0.0,45.5,0.0,1,0.0,1.0
825,Biotech & Pharmaceuticals,Research Associate,4.7,0.0, Public,0.0,45.5,14.0,201,1.0,0.0
826,Biotech & Pharmaceuticals,Research Director,4.0,0.0, Private,0.0,45.5,0.0,51,1.0,0.0
827,Biotech & Pharmaceuticals,Scientist I,4.9,0.0, Private,0.0,45.5,46.0,201,1.0,0.0
828,Biotech & Pharmaceuticals,Scientist I,3.9,10000.0, Public,0.0,45.5,162.0,10000,0.0,0.0
829,Biotech & Pharmaceuticals,Research Associate,3.8,500.0, Public,0.0,45.5,7.0,201,1.0,0.0
830,Biotech & Pharmaceuticals,Scientist I,4.9,0.0, Private,0.0,45.5,46.0,201,1.0,0.0
831,Biotech & Pharmaceuticals,Scientist I,4.4,0.0, Private,0.0,45.5,14.0,501,1.0,1.0
832,Colleges & Universities,Manager,4.3,5000.0,Nonprofit,0.0,45.5,67.0,1001,0.0,0.0
833,Biotech & Pharmaceuticals,Scientist I,3.6,5.0, Public,0.0,45.5,9.0,501,1.0,0.0
834,Biotech & Pharmaceuticals,Research Associate,3.5,0.0, Public,0.0,45.5,16.0,51,0.0,0.0
835,Biotech & Pharmaceuticals,Research Associate,2.0,0.0, Private,0.0,45.5,0.0,51,1.0,0.0
836,Biotech & Pharmaceuticals,Manager,4.9,0.0, Private,0.0,45.5,46.0,201,0.0,0.0
838,Biotech & Pharmaceuticals,Scientist I,4.9,0.0, Private,0.0,45.5,46.0,201,1.0,0.0
839,Biotech & Pharmaceuticals,Scientist I,3.3,100.0, Public,0.0,45.5,26.0,201,1.0,0.0
840,Biotech & Pharmaceuticals,Research Associate,3.4,25.0, Private,0.0,45.5,19.0,51,1.0,0.0
841,Biotech & Pharmaceuticals,Research Associate,3.4,0.0, Private,0.0,63.0,37.0,5001,0.0,0.0
842,Biotech & Pharmaceuticals,Research Associate,4.0,0.0, Public,0.0,63.0,8.0,501,1.0,0.0
843,Biotech & Pharmaceuticals,Scientist I,3.5,0.0, Private,0.0,63.0,4.0,201,1.0,0.0
844,Biotech & Pharmaceuticals,Engineer,2.5,50.0, Public,0.0,63.0,22.0,201,1.0,0.0
845,Biotech & Pharmaceuticals,Research Technician,4.9,0.0, Private,0.0,63.0,46.0,201,1.0,0.0
846,Biotech & Pharmaceuticals,Scientist I,4.8,0.0, Public,0.0,63.0,13.0,201,1.0,0.0
848,Biotech & Pharmaceuticals,Scientist I,4.4,0.0, Private,0.0,63.0,14.0,501,1.0,1.0
849,Biotech & Pharmaceuticals,Scientist I,3.9,5.0, Public,0.0,63.0,9.0,51,1.0,0.0
850,Colleges & Universities,Postdoc,4.1,100.0,Nonprofit,0.0,63.0,64.0,201,1.0,1.0
851,Biotech & Pharmaceuticals,Research Associate,3.0,0.0, Private,0.0,63.0,5.0,1001,0.0,0.0
852,Biotech & Pharmaceuticals,Scientist I,2.9,0.0, Public,0.0,63.0,26.0,501,1.0,0.0
853,Biotech & Pharmaceuticals,Scientist I,2.5,50.0, Public,0.0,63.0,0.0,201,1.0,0.0
854,Biotech & Pharmaceuticals,Manager,4.0,0.0, Public,0.0,63.0,8.0,501,0.0,0.0
855,Biotech & Pharmaceuticals,Research Associate,3.6,5.0, Public,0.0,63.0,9.0,501,1.0,0.0
857,Biotech & Pharmaceuticals,Scientist I,5.0,0.0, Private,0.0,63.0,1.0,51,1.0,0.0
858,Colleges & Universities,Research Associate,3.8,0.0,Academic,0.0,63.0,0.0,501,1.0,0.0
862,Biotech & Pharmaceuticals,Scientist I,4.0,10000.0, Private,0.0,63.0,44.0,10000,1.0,0.0
863,Biotech & Pharmaceuticals,Scientist I,3.1,5.0, Private,0.0,63.0,8.0,201,1.0,0.0
864,Biotech & Pharmaceuticals,Scientist I,3.6,5.0, Public,0.0,63.0,9.0,501,1.0,1.0
866,Biotech & Pharmaceuticals,Scientist I,3.6,5.0, Public,0.0,63.0,9.0,501,1.0,1.0
867,Biotech & Pharmaceuticals,Scientist I,3.6,5.0, Public,0.0,63.0,9.0,501,1.0,0.0
868,Colleges & Universities,Research Technician,4.3,5000.0,Nonprofit,0.0,63.0,67.0,1001,1.0,0.0
869,Biotech & Pharmaceuticals,Scientist I,3.5,1.0, Public,0.0,63.0,18.0,51,1.0,0.0
870,Biotech & Pharmaceuticals,Research Specialist,4.9,0.0, Private,0.0,63.0,46.0,201,1.0,0.0
871,Biotech & Pharmaceuticals,Scientist I,4.0,10000.0, Public,0.0,63.0,107.0,10000,0.0,1.0
872,Biotech & Pharmaceuticals,Research Technician,3.4,10000.0, Public,0.0,36.0,74.0,5001,0.0,0.0
873,Biotech & Pharmaceuticals,Scientist I,3.4,10000.0, Public,0.0,36.0,74.0,5001,0.0,0.0
874,Colleges & Universities,Scientist I,4.3,5000.0,Nonprofit,0.0,36.0,67.0,1001,0.0,0.0
875,Biotech & Pharmaceuticals,Engineer,5.0,0.0, Private,0.0,36.0,1.0,51,1.0,1.0
876,Biotech & Pharmaceuticals,VP Research,5.0,0.0, Private,0.0,36.0,1.0,51,1.0,0.0
877,Biotech & Pharmaceuticals,Research Associate,3.6,5.0, Public,0.0,36.0,9.0,501,1.0,0.0
878,Colleges & Universities,Research Technician,4.3,5000.0,Nonprofit,0.0,36.0,67.0,1001,0.0,0.0
879,Biotech & Pharmaceuticals,Scientist I,3.4,0.0, Private,0.0,36.0,21.0,501,1.0,1.0
880,Biotech & Pharmaceuticals,Research Associate,2.0,0.0, Private,0.0,36.0,0.0,51,1.0,0.0
881,Biotech & Pharmaceuticals,Scientist I,4.9,0.0, Private,0.0,36.0,46.0,201,1.0,0.0
882,Biotech & Pharmaceuticals,Scientist I,3.8,500.0, Public,0.0,36.0,7.0,201,1.0,1.0
884,Biotech & Pharmaceuticals,Scientist I,4.3,0.0, Private,0.0,36.0,0.0,1001,0.0,0.0
885,Colleges & Universities,Research Associate,3.1,50.0,Nonprofit,0.0,36.0,27.0,201,1.0,0.0
886,Biotech & Pharmaceuticals,Research Associate,4.2,25.0, Private,0.0,36.0,19.0,51,0.0,0.0
890,Biotech & Pharmaceuticals,Scientist I,3.0,500.0, Public,0.0,36.0,22.0,501,1.0,1.0
891,Colleges & Universities,Postdoc,4.3,5000.0,Nonprofit,0.0,36.0,67.0,1001,0.0,1.0
892,Biotech & Pharmaceuticals,Scientist I,3.6,10.0, Public,0.0,36.0,12.0,51,1.0,0.0
893,Biotech & Pharmaceuticals,Research Associate,4.0,10000.0, Public,0.0,36.0,107.0,10000,0.0,0.0
894,Biotech & Pharmaceuticals,Scientist I,3.6,5.0, Public,0.0,36.0,9.0,501,1.0,0.0
895,Biotech & Pharmaceuticals,Scientist I,3.6,5.0, Public,0.0,36.0,9.0,501,1.0,0.0
896,Biotech & Pharmaceuticals,Scientist I,3.0,500.0, Public,0.0,36.0,22.0,501,1.0,0.0
897,Biotech & Pharmaceuticals,Scientist I,4.3,25.0, Private,0.0,36.0,9.0,51,1.0,1.0
898,Biotech & Pharmaceuticals,Scientist I,3.0,0.0, Private,0.0,36.0,36.0,201,0.0,0.0
899,Biotech & Pharmaceuticals,Scientist I,2.4,500.0, Public,0.0,36.0,28.0,51,1.0,0.0
900,Biotech & Pharmaceuticals,Scientist I,3.9,5.0, Public,0.0,36.0,9.0,51,1.0,1.0
901,Biotech & Pharmaceuticals,Scientist I,3.4,10000.0, Public,0.0,78.5,74.0,5001,0.0,1.0
902,Biotech & Pharmaceuticals,Research Director,4.0,10000.0, Private,0.0,78.5,44.0,10000,1.0,0.0
903,Biotech & Pharmaceuticals,Research Associate,4.0,10000.0, Private,0.0,78.5,44.0,10000,1.0,0.0
904,Colleges & Universities,Manager,4.4,0.0,Academic,0.0,78.5,119.0,1001,1.0,0.0
905,Biotech & Pharmaceuticals,Scientist I,3.6,10.0, Public,0.0,78.5,12.0,51,1.0,0.0
906,Biotech & Pharmaceuticals,Research Associate,3.0,0.0, Private,0.0,78.5,5.0,1001,0.0,0.0
907,Federal Agencies,Scientist I,3.6,100.0,Nonprofit,0.0,78.5,53.0,501,0.0,0.0
909,Health Care Services & Hospitals,Scientist I,3.3,500.0,Nonprofit,0.0,78.5,107.0,5001,1.0,0.0
910,Colleges & Universities,Research Specialist,4.3,5000.0,Nonprofit,0.0,78.5,67.0,1001,0.0,1.0
911,Health Care Services & Hospitals,Scientist I,4.6,2000.0,Nonprofit,0.0,78.5,58.0,1001,1.0,0.0
912,Biotech & Pharmaceuticals,Scientist I,2.6,25.0, Public,0.0,78.5,10.0,501,1.0,0.0
913,Biotech & Pharmaceuticals,Research Associate,4.8,0.0, Public,0.0,78.5,13.0,201,1.0,0.0
914,Biotech & Pharmaceuticals,Scientist I,3.6,5.0, Public,0.0,78.5,9.0,501,1.0,1.0
915,Health Care Products Manufacturing,Scientist I,3.6,10000.0, Public,0.0,78.5,123.0,10000,0.0,0.0
916,Federal Agencies,Scientist I,3.6,100.0,Nonprofit,0.0,78.5,53.0,501,0.0,0.0
917,Health Care Products Manufacturing,Scientist I,4.0,5000.0, Public,0.0,78.5,59.0,10000,1.0,0.0
918,Colleges & Universities,Postdoc,4.3,5000.0,Nonprofit,0.0,78.5,67.0,1001,0.0,1.0
919,Biotech & Pharmaceuticals,Scientist I,3.6,5.0, Public,0.0,78.5,9.0,501,1.0,0.0
920,Colleges & Universities,Research Technician,4.3,5000.0,Nonprofit,0.0,78.5,67.0,1001,0.0,0.0
921,Biotech & Pharmaceuticals,Scientist I,3.6,5.0, Public,0.0,78.5,9.0,501,1.0,1.0
922,Biotech & Pharmaceuticals,Research Specialist,3.2,5.0, Public,0.0,78.5,13.0,10000,0.0,0.0
923,Biotech & Pharmaceuticals,Engineer,3.0,2000.0, Public,0.0,78.5,22.0,1001,1.0,0.0
924,Biotech & Pharmaceuticals,Scientist I,3.2,5.0, Public,0.0,78.5,13.0,10000,0.0,0.0
925,Biotech & Pharmaceuticals,Scientist I,2.9,0.0, Public,0.0,78.5,26.0,501,1.0,0.0
926,Biotech & Pharmaceuticals,Research Director,5.0,0.0, Private,0.0,78.5,1.0,51,1.0,1.0
927,Biotech & Pharmaceuticals,Scientist I,4.5,0.0, Public,0.0,78.5,13.0,201,1.0,0.0
928,Biotech & Pharmaceuticals,Research Director,3.7,100.0, Public,0.0,78.5,20.0,201,1.0,0.0
929,Health Care Services & Hospitals,Scientist I,3.3,500.0,Nonprofit,0.0,41.5,107.0,5001,1.0,0.0
930,Biotech & Pharmaceuticals,Scientist I,3.3,5000.0, Public,0.0,41.5,31.0,1001,1.0,1.0
931,Biotech & Pharmaceuticals,Scientist I,3.8,10.0, Private,0.0,41.5,29.0,51,1.0,0.0
932,Biotech & Pharmaceuticals,Scientist I,2.9,0.0, Public,0.0,41.5,26.0,501,1.0,0.0
933,Health Care Products Manufacturing,Scientist I,3.3,1000.0, Private,0.0,41.5,17.0,1001,0.0,0.0
934,Health Care Products Manufacturing,Scientist I,4.0,5000.0, Public,0.0,41.5,59.0,10000,1.0,0.0
935,Federal Agencies,Research Technician,3.4,0.0,Government,0.0,41.5,90.0,10000,0.0,0.0
936,Health Care Products Manufacturing,Manager,3.2,2000.0, Public,0.0,41.5,97.0,5001,1.0,0.0
937,Biotech & Pharmaceuticals,Scientist I,3.6,5.0, Public,0.0,41.5,9.0,501,1.0,0.0
938,Biotech & Pharmaceuticals,Scientist I,2.7,0.0, Public,0.0,41.5,7.0,51,1.0,0.0
940,Health Care Services & Hospitals,Scientist I,4.0,0.0,Hospital,0.0,41.5,36.0,5001,1.0,0.0
941,Health Care Products Manufacturing,Scientist I,3.2,2000.0, Public,0.0,41.5,97.0,5001,1.0,0.0
942,Biotech & Pharmaceuticals,Scientist I,3.6,5.0, Public,0.0,41.5,9.0,501,1.0,1.0
943,Biotech & Pharmaceuticals,Scientist I,4.8,0.0, Public,0.0,41.5,13.0,201,1.0,0.0
944,Biotech & Pharmaceuticals,Scientist I,3.8,500.0, Public,0.0,41.5,7.0,201,1.0,0.0
945,Biotech & Pharmaceuticals,Scientist I,4.4,0.0, Private,0.0,41.5,14.0,501,1.0,0.0
946,Health Care Services & Hospitals,Scientist I,4.0,500.0, Public,0.0,41.5,25.0,1001,1.0,0.0
947,Federal Agencies,Research Technician,3.4,0.0,Government,0.0,41.5,90.0,10000,0.0,0.0
948,Biotech & Pharmaceuticals,Scientist I,3.6,5.0, Public,0.0,41.5,9.0,501,1.0,0.0
949,Federal Agencies,Scientist I,3.4,0.0,Government,0.0,41.5,90.0,10000,0.0,0.0
950,Health Care Products Manufacturing,Scientist I,4.0,5000.0, Public,0.0,41.5,59.0,10000,0.0,0.0
951,Biotech & Pharmaceuticals,Scientist I,3.6,5.0, Public,0.0,41.5,9.0,501,1.0,0.0
952,Colleges & Universities,Manager,4.3,5000.0,Nonprofit,0.0,41.5,67.0,1001,0.0,0.0
953,Biotech & Pharmaceuticals,Scientist I,3.6,5.0, Public,0.0,41.5,9.0,501,1.0,0.0
954,Biotech & Pharmaceuticals,Scientist I,3.1,500.0, Public,0.0,41.5,21.0,501,1.0,0.0
955,Biotech & Pharmaceuticals,Scientist I,4.0,10000.0, Public,0.0,41.5,107.0,10000,0.0,0.0
956,Biotech & Pharmaceuticals,VP Research,3.8,1.0, Private,0.0,41.5,10.0,51,1.0,0.0
958,Health Care Services & Hospitals,Postdoc,3.9,2000.0,Hospital,0.0,41.5,183.0,5001,1.0,1.0
959,Biotech & Pharmaceuticals,Scientist I,3.6,5.0, Public,0.0,41.5,9.0,501,1.0,0.0
960,Biotech & Pharmaceuticals,Research Specialist,3.5,50.0, Private,0.0,183.5,9.0,501,0.0,0.0
961,Biotech & Pharmaceuticals,Scientist I,4.0,10000.0, Private,0.0,183.5,44.0,10000,1.0,1.0
963,Colleges & Universities,Research Technician,4.3,5000.0,Nonprofit,0.0,183.5,67.0,1001,0.0,0.0
964,Biotech & Pharmaceuticals,Scientist I,3.6,5.0, Public,0.0,183.5,9.0,501,1.0,0.0
965,Biotech & Pharmaceuticals,Research Technician,2.2,10.0, Private,0.0,183.5,13.0,51,1.0,0.0
966,Federal Agencies,Scientist I,3.4,0.0,Government,0.0,183.5,90.0,10000,0.0,0.0
967,Colleges & Universities,Postdoc,4.3,5000.0,Nonprofit,0.0,183.5,67.0,1001,0.0,1.0
968,Biotech & Pharmaceuticals,Scientist I,3.6,5.0, Public,0.0,183.5,9.0,501,1.0,0.0
969,Health Care Services & Hospitals,Research Technician,3.8,500.0,Nonprofit,0.0,183.5,113.0,1001,1.0,0.0
970,Health Care Products Manufacturing,Scientist I,4.0,5000.0, Public,0.0,183.5,59.0,10000,1.0,0.0
971,Biotech & Pharmaceuticals,Scientist I,3.7,10000.0, Public,0.0,183.5,239.0,10000,0.0,0.0
972,Health Care Products Manufacturing,Scientist I,4.0,5000.0, Public,0.0,183.5,59.0,10000,1.0,0.0
973,Biotech & Pharmaceuticals,Scientist I,3.7,10000.0, Public,0.0,183.5,239.0,10000,0.0,1.0
974,Biotech & Pharmaceuticals,Scientist I,3.6,5.0, Public,0.0,183.5,9.0,501,1.0,0.0
975,Biotech & Pharmaceuticals,Scientist I,3.6,5.0, Public,0.0,183.5,9.0,501,1.0,0.0
976,Biotech & Pharmaceuticals,Scientist I,2.9,500.0, Private,0.0,183.5,31.0,501,1.0,0.0
977,Health Care Services & Hospitals,Scientist I,3.9,10000.0, Public,0.0,183.5,173.0,10000,0.0,0.0
978,Federal Agencies,Research Technician,3.4,0.0,Government,0.0,183.5,90.0,10000,0.0,0.0
979,Biotech & Pharmaceuticals,Manager,3.8,0.0, Private,0.0,183.5,18.0,51,1.0,0.0
980,Biotech & Pharmaceuticals,Research Associate,3.8,500.0, Public,0.0,183.5,7.0,201,1.0,0.0
981,Biotech & Pharmaceuticals,Scientist I,4.4,0.0, Public,0.0,183.5,9.0,201,1.0,0.0
982,Biotech & Pharmaceuticals,Scientist I,3.6,5.0, Public,0.0,183.5,9.0,501,1.0,0.0
983,Health Care Services & Hospitals,Scientist I,4.1,500.0, Public,0.0,183.5,19.0,1001,1.0,0.0
984,Colleges & Universities,Scientist I,3.9,0.0,Academic,0.0,183.5,21.0,51,1.0,1.0
985,Biotech & Pharmaceuticals,Research Director,3.7,10000.0, Public,0.0,183.5,239.0,10000,0.0,1.0
986,Colleges & Universities,Scientist I,4.3,5000.0,Nonprofit,0.0,183.5,67.0,1001,0.0,0.0
987,Biotech & Pharmaceuticals,Scientist I,3.7,10000.0, Public,0.0,183.5,239.0,10000,0.0,0.0
988,Biotech & Pharmaceuticals,VP Research,4.8,0.0, Public,0.0,183.5,13.0,201,1.0,1.0
989,Biotech & Pharmaceuticals,Scientist I,3.6,5.0, Public,0.0,183.5,9.0,501,1.0,0.0
990,Federal Agencies,Research Technician,3.4,0.0,Government,0.0,183.5,90.0,10000,0.0,0.0
991,Biotech & Pharmaceuticals,Research Technician,3.4,10000.0, Public,0.0,154.0,74.0,5001,0.0,0.0
992,Biotech & Pharmaceuticals,Research Associate,4.2,500.0, Private,0.0,154.0,21.0,201,1.0,0.0
994,Colleges & Universities,Research Technician,4.3,5000.0,Nonprofit,0.0,154.0,67.0,1001,0.0,0.0
995,Biotech & Pharmaceuticals,Scientist I,3.6,5.0, Public,0.0,154.0,9.0,501,1.0,0.0
996,Biotech & Pharmaceuticals,Engineer,4.0,10000.0, Public,0.0,154.0,107.0,10000,0.0,0.0
997,Biotech & Pharmaceuticals,Scientist I,4.0,5000.0, Public,0.0,154.0,22.0,5001,1.0,0.0
998,Biotech & Pharmaceuticals,Scientist I,3.4,25.0, Public,0.0,154.0,24.0,10000,0.0,1.0
999,Biotech & Pharmaceuticals,Scientist I,3.6,5.0, Public,0.0,154.0,9.0,501,1.0,1.0
1000,Health Care Services & Hospitals,Research Assistant,4.1,10000.0,Hospital,0.0,154.0,179.0,10000,1.0,0.0
1001,Biotech & Pharmaceuticals,Scientist I,3.3,5000.0, Public,0.0,154.0,31.0,1001,1.0,1.0
1002,Biotech & Pharmaceuticals,Research Specialist,3.9,500.0, Private,0.0,154.0,52.0,1001,0.0,0.0
1003,Biotech & Pharmaceuticals,Engineer,3.0,2000.0, Public,0.0,154.0,22.0,1001,1.0,0.0
1004,Biotech & Pharmaceuticals,Research Specialist,3.2,5.0, Public,0.0,154.0,13.0,10000,0.0,0.0
1005,Colleges & Universities,Scientist I,4.4,500.0,Academic,0.0,154.0,172.0,5001,1.0,0.0
1006,Biotech & Pharmaceuticals,Scientist I,3.0,10000.0, Public,0.0,154.0,25.0,10000,1.0,0.0
1007,Biotech & Pharmaceuticals,Scientist I,3.2,5.0, Public,0.0,154.0,13.0,10000,0.0,0.0
1008,Biotech & Pharmaceuticals,Scientist I,4.5,0.0, Public,0.0,154.0,13.0,201,1.0,0.0
1009,Biotech & Pharmaceuticals,Scientist I,2.9,0.0, Public,0.0,154.0,26.0,501,1.0,0.0
1010,Biotech & Pharmaceuticals,Scientist I,4.1,10000.0, Public,0.0,154.0,171.0,10000,0.0,0.0
1011,Biotech & Pharmaceuticals,Research Associate,5.0,0.0, Private,0.0,154.0,2.0,1,1.0,0.0
1012,Biotech & Pharmaceuticals,Research Director,5.0,0.0, Private,0.0,154.0,1.0,51,1.0,1.0
1013,Biotech & Pharmaceuticals,Research Director,3.7,100.0, Public,0.0,154.0,20.0,201,1.0,0.0
1014,Biotech & Pharmaceuticals,Scientist I,3.8,10.0, Private,0.0,154.0,29.0,51,1.0,0.0
1015,Biotech & Pharmaceuticals,Scientist I,4.0,10000.0, Private,0.0,154.0,44.0,10000,1.0,1.0
1016,Biotech & Pharmaceuticals,Scientist I,3.5,5.0, Private,0.0,154.0,14.0,51,1.0,0.0
1017,Health Care Services & Hospitals,Research Associate,4.1,10000.0,Hospital,0.0,154.0,179.0,10000,1.0,0.0
1018,Biotech & Pharmaceuticals,Scientist I,4.2,5000.0, Private,0.0,154.0,57.0,10000,0.0,0.0
1019,Biotech & Pharmaceuticals,Scientist I,2.9,0.0, Public,0.0,154.0,26.0,501,1.0,0.0
1020,Biotech & Pharmaceuticals,Research Technician,3.4,0.0, Private,0.0,154.0,37.0,5001,0.0,0.0
1021,Health Care Products Manufacturing,Scientist I,3.3,1000.0, Private,0.0,154.0,17.0,1001,0.0,0.0
1022,Colleges & Universities,Research Associate,3.9,500.0,Academic,0.0,49.5,132.0,1001,1.0,0.0
1023,Health Care Products Manufacturing,Scientist I,3.3,1000.0, Private,0.0,49.5,17.0,1001,0.0,0.0
1024,Federal Agencies,Research Technician,3.4,0.0,Government,0.0,49.5,90.0,10000,0.0,0.0
1025,Colleges & Universities,Research Assistant,4.4,0.0,Academic,0.0,49.5,119.0,1001,1.0,0.0
1026,Health Care Products Manufacturing,Scientist I,4.0,5000.0, Public,0.0,49.5,59.0,10000,1.0,0.0
1027,Biotech & Pharmaceuticals,Scientist I,3.6,5.0, Public,0.0,49.5,9.0,501,1.0,0.0
1029,Biotech & Pharmaceuticals,Research Associate,3.8,1.0, Private,0.0,49.5,10.0,51,1.0,0.0
1030,Health Care Products Manufacturing,Manager,3.2,2000.0, Public,0.0,49.5,97.0,5001,1.0,0.0
1031,Biotech & Pharmaceuticals,Research Associate,4.1,10000.0, Public,0.0,49.5,171.0,10000,0.0,0.0
1032,Biotech & Pharmaceuticals,Scientist I,4.1,10000.0, Public,0.0,49.5,124.0,10000,0.0,0.0
1033,Biotech & Pharmaceuticals,Scientist I,3.5,5.0, Private,0.0,49.5,14.0,51,1.0,0.0
1034,Biotech & Pharmaceuticals,Scientist I,2.7,0.0, Public,0.0,49.5,7.0,51,1.0,0.0
1035,Biotech & Pharmaceuticals,Scientist I,4.0,10000.0, Public,0.0,49.5,107.0,10000,0.0,0.0
1037,Biotech & Pharmaceuticals,Scientist I,4.0,10000.0, Public,0.0,49.5,107.0,10000,0.0,1.0
1038,Biotech & Pharmaceuticals,Scientist I,4.0,10000.0, Private,0.0,49.5,44.0,10000,1.0,1.0
1039,Health Care Services & Hospitals,Scientist I,4.0,0.0,Hospital,0.0,49.5,36.0,5001,1.0,0.0
1041,Health Care Products Manufacturing,Scientist I,3.2,2000.0, Public,0.0,49.5,97.0,5001,1.0,0.0
1042,Biotech & Pharmaceuticals,Scientist I,3.0,25.0, Public,0.0,49.5,10.0,1001,1.0,0.0
1043,Biotech & Pharmaceuticals,Scientist I,3.6,5.0, Public,0.0,49.5,9.0,501,1.0,1.0
1044,Biotech & Pharmaceuticals,Scientist I,4.0,10000.0, Public,0.0,49.5,107.0,10000,0.0,0.0
1045,Biotech & Pharmaceuticals,Scientist I,4.8,0.0, Public,0.0,49.5,13.0,201,1.0,0.0
1046,Biotech & Pharmaceuticals,Scientist I,4.0,10000.0, Public,0.0,49.5,107.0,10000,0.0,0.0
1047,Computer Hardware & Software,Scientist I,3.2,5000.0, Private,0.0,49.5,34.0,5001,0.0,0.0
1048,Biotech & Pharmaceuticals,Scientist I,4.4,0.0, Private,0.0,49.5,14.0,501,1.0,0.0
1049,Health Care Services & Hospitals,Scientist I,4.0,500.0, Public,0.0,49.5,25.0,1001,1.0,0.0
1050,Biotech & Pharmaceuticals,Scientist I,3.8,500.0, Public,0.0,49.5,7.0,201,1.0,0.0
1051,Biotech & Pharmaceuticals,Research Technician,3.4,10000.0, Public,0.0,49.5,74.0,5001,0.0,0.0
1052,Biotech & Pharmaceuticals,Research Associate,3.3,5000.0, Public,0.0,37.0,73.0,10000,0.0,0.0
1053,Computer Hardware & Software,Scientist I,3.5,100.0, Private,0.0,37.0,32.0,1001,1.0,1.0
1054,Health Care Services & Hospitals,Scientist I,4.0,500.0, Public,0.0,37.0,25.0,1001,1.0,0.0
1055,Biotech & Pharmaceuticals,Scientist I,2.3,5.0, Private,0.0,37.0,0.0,1,1.0,0.0
1057,Health Care Services & Hospitals,Research Technician,4.6,2000.0,Nonprofit,0.0,37.0,58.0,1001,1.0,0.0
1059,Federal Agencies,Research Technician,3.4,0.0,Government,0.0,37.0,90.0,10000,0.0,0.0
1060,Health Care Services & Hospitals,Scientist I,4.6,2000.0,Nonprofit,0.0,37.0,58.0,1001,1.0,1.0
1061,Biotech & Pharmaceuticals,Scientist I,3.6,5.0, Public,0.0,37.0,9.0,501,1.0,0.0
1062,Biotech & Pharmaceuticals,Scientist I,4.0,10000.0, Private,0.0,37.0,44.0,10000,1.0,0.0
1063,Biotech & Pharmaceuticals,Scientist I,4.0,10000.0, Public,0.0,37.0,107.0,10000,0.0,0.0
1064,Biotech & Pharmaceuticals,Research Associate,3.9,10000.0, Public,0.0,37.0,32.0,5001,1.0,0.0
1065,Health Care Products Manufacturing,Scientist I,4.0,5000.0, Public,0.0,37.0,59.0,10000,0.0,0.0
1066,Biotech & Pharmaceuticals,Research Associate,2.0,0.0, Private,0.0,37.0,0.0,51,1.0,0.0
1067,Biotech & Pharmaceuticals,Research Associate,3.9,10000.0, Public,0.0,37.0,32.0,5001,1.0,0.0
1068,Federal Agencies,Scientist I,3.4,0.0,Government,0.0,37.0,90.0,10000,0.0,0.0
1069,Biotech & Pharmaceuticals,Scientist I,3.9,10000.0, Public,0.0,37.0,32.0,5001,1.0,1.0
1070,Biotech & Pharmaceuticals,Engineer,4.0,5000.0, Public,0.0,37.0,22.0,5001,1.0,0.0
1071,Biotech & Pharmaceuticals,Scientist I,3.9,10000.0, Public,0.0,37.0,32.0,5001,1.0,0.0
1072,Colleges & Universities,Manager,4.3,5000.0,Nonprofit,0.0,37.0,67.0,1001,0.0,0.0
1074,Biotech & Pharmaceuticals,Research Associate,4.2,500.0, Private,0.0,37.0,21.0,201,1.0,0.0
1075,Biotech & Pharmaceuticals,Scientist I,3.6,5.0, Public,0.0,37.0,9.0,501,1.0,0.0
1076,Biotech & Pharmaceuticals,Scientist I,4.0,10000.0, Private,0.0,37.0,44.0,10000,1.0,1.0
1077,Biotech & Pharmaceuticals,Engineer,3.1,10000.0,Nonprofit,0.0,37.0,91.0,10000,1.0,0.0
1078,Biotech & Pharmaceuticals,Research Specialist,3.9,10000.0, Public,0.0,37.0,32.0,5001,1.0,0.0
1079,Health Care Products Manufacturing,Engineer,3.0,500.0, Private,0.0,37.0,30.0,501,1.0,0.0
1080,Biotech & Pharmaceuticals,Research Associate,3.9,10000.0, Public,0.0,37.0,32.0,5001,1.0,0.0
1081,Biotech & Pharmaceuticals,Scientist I,4.0,5000.0, Public,0.0,37.0,22.0,5001,1.0,1.0
1083,Biotech & Pharmaceuticals,Scientist I,4.0,5000.0, Public,0.0,73.5,22.0,5001,0.0,0.0
1084,Biotech & Pharmaceuticals,Research Associate,3.9,10000.0, Public,0.0,73.5,32.0,5001,1.0,0.0
1085,Biotech & Pharmaceuticals,Scientist I,3.6,5.0, Public,0.0,73.5,9.0,501,1.0,0.0
1086,Biotech & Pharmaceuticals,Scientist I,3.9,10000.0, Public,0.0,73.5,32.0,5001,1.0,0.0
1087,Biotech & Pharmaceuticals,VP Research,3.8,1.0, Private,0.0,73.5,10.0,51,1.0,0.0
1088,Biotech & Pharmaceuticals,Scientist I,3.1,500.0, Public,0.0,73.5,21.0,501,1.0,0.0
1089,Biotech & Pharmaceuticals,Research Associate,3.9,1.0, Private,0.0,73.5,12.0,51,1.0,0.0
1090,Health Care Services & Hospitals,Scientist I,4.6,2000.0,Nonprofit,0.0,73.5,58.0,1001,1.0,0.0
1091,Biotech & Pharmaceuticals,Scientist I,4.0,10000.0, Public,0.0,73.5,107.0,10000,0.0,0.0
1092,Biotech & Pharmaceuticals,Scientist I,4.0,10000.0, Public,0.0,73.5,107.0,10000,0.0,0.0
1094,Biotech & Pharmaceuticals,Scientist I,4.0,5000.0, Public,0.0,73.5,22.0,5001,1.0,0.0
1095,Colleges & Universities,Research Associate,3.6,2000.0,Academic,0.0,73.5,120.0,5001,1.0,0.0
1096,Biotech & Pharmaceuticals,Scientist I,4.0,10000.0, Public,0.0,73.5,107.0,10000,0.0,0.0
1097,Health Care Services & Hospitals,Research Technician,3.8,500.0,Nonprofit,0.0,73.5,113.0,1001,1.0,0.0
1098,Biotech & Pharmaceuticals,Research Associate,3.9,10000.0, Public,0.0,73.5,32.0,5001,1.0,0.0
1099,Health Care Services & Hospitals,Postdoc,3.9,2000.0,Hospital,0.0,73.5,183.0,5001,1.0,1.0
1100,Health Care Services & Hospitals,Scientist I,4.0,0.0,Hospital,0.0,73.5,36.0,5001,1.0,0.0
1101,Biotech & Pharmaceuticals,Scientist I,3.9,10000.0, Public,0.0,73.5,32.0,5001,1.0,1.0
1103,Biotech & Pharmaceuticals,Scientist I,3.6,5.0, Public,0.0,73.5,9.0,501,1.0,0.0
1104,Biotech & Pharmaceuticals,Scientist I,3.6,5.0, Public,0.0,73.5,9.0,501,1.0,0.0
1105,Colleges & Universities,Research Technician,4.3,5000.0,Nonprofit,0.0,73.5,67.0,1001,0.0,0.0
1106,Federal Agencies,Research Technician,3.4,0.0,Government,0.0,73.5,90.0,10000,0.0,0.0
1107,Biotech & Pharmaceuticals,Manager,4.9,0.0, Private,0.0,73.5,46.0,201,1.0,0.0
1108,Computer Hardware & Software,Scientist I,3.5,100.0, Private,0.0,73.5,32.0,1001,1.0,1.0
1109,Biotech & Pharmaceuticals,Scientist I,5.0,0.0, Private,0.0,73.5,4.0,51,1.0,0.0
1110,Health Care Services & Hospitals,Scientist I,4.0,0.0,Hospital,0.0,73.5,36.0,5001,1.0,0.0
1111,Biotech & Pharmaceuticals,Research Technician,2.2,10.0, Private,0.0,70.5,13.0,51,1.0,0.0
1113,Biotech & Pharmaceuticals,Scientist I,3.5,5.0, Private,0.0,70.5,14.0,51,1.0,0.0
1114,Federal Agencies,Scientist I,3.4,0.0,Government,0.0,70.5,90.0,10000,0.0,0.0
1115,Health Care Products Manufacturing,Scientist I,4.0,5000.0, Public,0.0,70.5,59.0,10000,1.0,0.0
1116,Health Care Services & Hospitals,Scientist I,4.0,0.0,Hospital,0.0,70.5,36.0,5001,1.0,0.0
1117,Biotech & Pharmaceuticals,Scientist I,3.6,5.0, Public,0.0,70.5,9.0,501,1.0,0.0
1118,Colleges & Universities,Postdoc,4.3,5000.0,Nonprofit,0.0,70.5,67.0,1001,0.0,1.0
1119,Biotech & Pharmaceuticals,Scientist I,3.6,5.0, Public,0.0,70.5,9.0,501,1.0,0.0
1120,Health Care Services & Hospitals,Scientist I,4.0,0.0,Hospital,0.0,70.5,36.0,5001,1.0,0.0
1121,Biotech & Pharmaceuticals,Scientist I,5.0,0.0, Private,0.0,70.5,4.0,51,1.0,0.0
1122,Health Care Services & Hospitals,Research Technician,3.8,500.0,Nonprofit,0.0,70.5,113.0,1001,1.0,0.0
1123,Computer Hardware & Software,Scientist I,3.5,100.0, Private,0.0,70.5,32.0,1001,1.0,1.0
1124,Biotech & Pharmaceuticals,Scientist I,3.6,5.0, Public,0.0,70.5,9.0,501,1.0,0.0
1125,Biotech & Pharmaceuticals,Scientist I,4.1,10000.0, Public,0.0,70.5,171.0,10000,0.0,0.0
1126,Biotech & Pharmaceuticals,Research Associate,3.9,10000.0, Public,0.0,70.5,32.0,5001,1.0,0.0
1127,Biotech & Pharmaceuticals,Scientist I,3.7,10000.0, Public,0.0,70.5,239.0,10000,0.0,0.0
1128,Biotech & Pharmaceuticals,Scientist I,3.7,10000.0, Public,0.0,70.5,239.0,10000,0.0,1.0
1129,Biotech & Pharmaceuticals,Research Associate,2.5,50.0, Public,0.0,70.5,22.0,201,0.0,0.0
1130,Biotech & Pharmaceuticals,Scientist I,2.9,500.0, Private,0.0,70.5,31.0,501,1.0,0.0
1131,Biotech & Pharmaceuticals,Scientist I,3.9,10000.0, Public,0.0,70.5,32.0,5001,1.0,1.0
1132,Biotech & Pharmaceuticals,Scientist I,4.0,10000.0, Public,0.0,70.5,107.0,10000,0.0,0.0
1134,Biotech & Pharmaceuticals,Scientist I,4.0,10000.0, Private,0.0,70.5,44.0,10000,1.0,1.0
1135,Biotech & Pharmaceuticals,Scientist I,3.9,10000.0, Public,0.0,70.5,32.0,5001,1.0,1.0
1136,Biotech & Pharmaceuticals,Scientist I,4.0,10000.0, Public,0.0,70.5,107.0,10000,0.0,0.0
1137,Biotech & Pharmaceuticals,Scientist I,3.9,10000.0, Public,0.0,70.5,32.0,5001,1.0,0.0
1138,Federal Agencies,Research Technician,3.4,0.0,Government,0.0,70.5,90.0,10000,0.0,0.0
